uid,n_CP_visited,sum_fix_dur,mean_fix_dur,n_fixs,max_sum_reading_dur_per_content-page,mean_sum_reading_dur_per_content-page,mean_dur_per_RS,n_RS,sum_RF_dur,mean_RF_dur_per_CP,mean_n_RF_per_CP,mean_RF_dur,n_RF,max_y_of_RF,mean_y_of_RF,ratio_RF_per_fix,ratio_RF_dur_per_fix_dur,ratio_n_RF_per_n_RS,n_REG,mean_n_RS_per_CP,ratio_n_REG_per_n_RS,ratio_n_REG_per_sec,mean_len_RF_in_px,sum_len_RS_in_px,mean_len_REG_in_px,sum_len_REG_in_px,mean_len_RS_in_px,mean_dur_until_first_REG_per_RS
1,8.0,652154.7,507.11874027993775,1286.0,40614.5,15519.25,2516.635135135135,37.0,93115.5,15519.25,29.5,526.0762711864406,177.0,3816.1,1329.7293785310735,0.13763608087091758,0.1427813063372847,4.783783783783784,6.0,6.166666666666667,0.16216216216216217,0.06443610354881842,81.07808768425213,13864.352994007113,89.69202210346488,538.1521326207893,374.7122430812733,559.2333333333333
3,4.0,246080.0,431.719298245614,570.0,6493.0,5583.0,1595.142857142857,7.0,11166.0,5583.0,15.5,360.19354838709677,31.0,2509.05,1287.241935483871,0.054385964912280704,0.045375487646293886,4.428571428571429,4.0,3.5,0.5714285714285714,0.35823034210997673,82.94012189878084,2239.3832912670828,135.8216758182769,543.2867032731076,319.9118987524404,322.56666666666666
4,5.0,627498.0,550.4368421052632,1140.0,94605.1,28696.120000000003,3119.14347826087,46.0,143480.6,28696.120000000003,43.8,655.1625570776256,219.0,2164.15,1135.3260273972603,0.19210526315789472,0.2286550714105862,4.760869565217392,20.0,9.2,0.43478260869565216,0.13939166688737015,86.62464716474756,17238.304785784763,177.71262562654397,3554.2525125308794,374.74575621271225,600.9933333333333
5,3.0,31907.6,437.0904109589041,73.0,4370.5,4370.5,2185.25,2.0,4370.5,4370.5,9.0,485.6111111111111,9.0,2524.45,1804.7833333333333,0.1232876712328767,0.1369736363750329,4.5,0.0,2.0,0.0,0.0,72.38863821044593,651.4977438940134,,,325.7488719470067,
6,6.0,532473.8,509.54430622009573,1045.0,23604.1,9006.800000000001,2251.7000000000003,24.0,54040.8,9006.800000000001,20.5,439.3560975609756,123.0,3826.35,1258.3577235772357,0.11770334928229666,0.10149006392427196,5.125,9.0,4.0,0.375,0.16654083581294132,92.01944427713941,10490.216647593894,158.93471990096353,1430.4124791086717,437.0923603164122,562.7142857142857
7,2.0,150913.7,361.03755980861246,418.0,1318.6999999999998,1318.6999999999998,1318.6999999999998,1.0,1318.6999999999998,1318.6999999999998,4.0,329.67499999999995,4.0,918.8,911.875,0.009569377990430622,0.008738106613249823,4.0,0.0,1.0,0.0,0.0,97.04804418007237,388.19217672028947,,,388.19217672028947,
8,10.0,485263.6,469.76147144240076,1033.0,44101.8,37648.166666666664,2823.6125,40.0,112944.5,37648.166666666664,70.66666666666667,532.7570754716982,212.0,3551.65,1428.0426886792452,0.20522749273959343,0.23274875758247685,5.3,14.0,13.333333333333334,0.35,0.12395468570846742,82.86182169108456,16406.640694834743,184.1023020388465,2577.4322285438507,410.1660173708686,506.25
9,2.0,105666.8,503.1752380952381,210.0,7745.7,7745.7,2581.9,3.0,7745.7,7745.7,13.0,595.8230769230769,13.0,875.85,749.125641025641,0.06190476190476191,0.07330306207815511,4.333333333333333,0.0,3.0,0.0,0.0,56.8642194463094,739.2348528020221,,,246.41161760067405,
10,12.0,720663.7,422.428898007034,1706.0,35222.2,12740.366666666667,1976.9534482758622,58.0,114663.3,12740.366666666667,30.444444444444443,418.47919708029195,274.0,3457.25,1086.3795620437957,0.16060961313012895,0.15910791677172031,4.724137931034483,14.0,6.444444444444445,0.2413793103448276,0.12209660806901598,84.1578300476296,21881.035812383696,196.50950424405826,2751.1330594168157,377.2592381445465,511.4714285714286
11,7.0,906357.2,389.16152855302704,2329.0,67975.2,33896.38333333333,1936.9361904761904,105.0,203378.3,33896.38333333333,84.33333333333333,401.93339920948614,506.0,2488.65,1461.8683794466403,0.21726062687848863,0.22439089136159562,4.819047619047619,26.0,17.5,0.24761904761904763,0.12784058082892816,83.31948676235973,39993.35364593267,129.85601998235205,3376.2565195411535,380.88908234221594,497.652380952381
13,6.0,428550.4,561.6650065530799,763.0,13287.5,8178.32,2405.3882352941177,17.0,40891.6,8178.32,14.8,552.5891891891891,74.0,1685.75,1102.2554054054053,0.09698558322411534,0.09541841519690565,4.352941176470588,1.0,3.4,0.058823529411764705,0.024454900272916687,92.81650891383211,6775.605150709744,5.0447993022518745,5.0447993022518745,398.565008865279,250.5
15,3.0,1019779.6,651.616357827476,1565.0,72562.6,50000.56666666667,3000.034,50.0,150001.7,50000.56666666667,75.66666666666667,660.8004405286345,227.0,3434.55,1495.329515418502,0.1450479233226837,0.14709227366383876,4.54,6.0,16.666666666666668,0.12,0.03999954667180438,90.65421761957236,20034.58209392549,79.19988783353325,475.1993270011995,400.6916418785098,509.15000000000003
16,7.0,432992.1,557.2613899613899,777.0,23705.5,8166.32,2551.975,16.0,40831.6,8166.32,15.2,537.2578947368421,76.0,1583.4,745.9578947368421,0.0978120978120978,0.09430102766309131,4.75,4.0,3.2,0.25,0.09796334211737968,79.57790667204969,5729.609280387578,199.52247379708655,798.0898951883462,358.10058002422363,584.35
17,8.0,389194.6,433.40155902004454,898.0,10366.3,5753.650000000001,1917.8833333333334,18.0,34521.9,5753.650000000001,14.833333333333334,387.8865168539326,89.0,1947.65,930.3191011235955,0.09910913140311804,0.08870087097816877,4.944444444444445,3.0,3.0,0.16666666666666666,0.08690135826822973,93.97569483472438,8081.909755786296,144.07088379507385,432.21265138522153,448.994986432572,684.35
18,7.0,748750.5,384.76387461459404,1946.0,39012.8,16451.15,1827.9055555555558,36.0,65804.6,16451.15,43.0,382.5848837209303,172.0,2532.7,1192.6296511627907,0.08838643371017471,0.08788588455032752,4.777777777777778,14.0,9.0,0.3888888888888889,0.21275108427070447,98.80557631464053,15611.281057713204,224.33342824677098,3140.6679954547935,433.646696047589,455.3
19,9.0,575758.1,615.1261752136752,936.0,21583.9,9467.133333333333,2840.14,20.0,56802.8,9467.133333333333,17.166666666666668,551.4834951456311,103.0,13122.25,2135.618932038835,0.11004273504273504,0.0986574049066787,5.15,5.0,3.3333333333333335,0.25,0.08802382981120649,85.22169542885084,8351.726152027382,91.47952044535722,457.39760222678615,417.5863076013691,622.0
21,4.0,462815.7,616.2659121171771,751.0,72115.6,30156.325,3655.3121212121214,33.0,120625.3,30156.325,41.75,722.3071856287426,167.0,3579.0,1417.025748502994,0.22237017310252996,0.2606335524054175,5.0606060606060606,7.0,8.25,0.21212121212121213,0.05803094375723832,85.3031030970599,13648.496495529585,173.4443725594336,1214.1106079160352,413.5908028948359,372.81666666666666
22,7.0,645599.2,429.2547872340425,1504.0,76686.7,25068.324999999997,2331.9372093023258,43.0,100273.3,25068.324999999997,54.5,459.96926605504586,218.0,1621.6,870.3493119266054,0.1449468085106383,0.15531819122452445,5.069767441860465,22.0,10.75,0.5116279069767442,0.2194003787648357,81.93314067380763,16058.895572066296,113.46511534437424,2496.2325375762334,373.462687722472,426.13684210526316
23,3.0,91021.3,435.5086124401914,209.0,24422.4,24422.4,2220.218181818182,11.0,24422.4,24422.4,51.0,478.8705882352941,51.0,2195.85,1524.7911764705884,0.24401913875598086,0.26831521852577367,4.636363636363637,1.0,11.0,0.09090909090909091,0.040946016771488465,92.903956133682,4645.1978066841,97.8622756735199,97.8622756735199,422.29070969855456,233.8
24,5.0,295998.1,424.0660458452722,698.0,15068.0,9729.733333333334,1945.9466666666667,15.0,29189.2,9729.733333333334,21.333333333333332,456.08125,64.0,2603.65,1238.540625,0.09169054441260745,0.0986127951496986,4.266666666666667,2.0,5.0,0.13333333333333333,0.06851849314129883,79.62890433773947,4936.992068939847,11.93400658496236,23.86801316992472,329.1328045959898,384.2
25,5.0,180146.3,373.74751037344396,482.0,4327.6,4006.1000000000004,2670.7333333333336,3.0,8012.2,4006.1000000000004,9.0,445.1222222222222,18.0,1968.9,1195.225,0.03734439834024896,0.044476073058397535,6.0,2.0,1.5,0.6666666666666666,0.24961933052095558,77.77518137643959,1244.4029020230334,58.628500919918295,117.25700183983659,414.8009673410111,859.95
26,10.0,486980.9,368.0883597883598,1323.0,15486.1,8846.0125,1444.2469387755102,49.0,70768.1,8846.0125,29.0,305.0349137931035,232.0,2655.85,961.0372844827587,0.17535903250188964,0.14532007312812475,4.73469387755102,10.0,6.125,0.20408163265306123,0.14130660565989478,88.15064252492824,19569.44264053407,147.41699897285565,1474.1699897285566,399.3763804190627,405.71
27,8.0,110757.0,365.53465346534654,303.0,1079.5,997.7,997.7,2.0,1995.4,997.7,4.0,249.425,8.0,1046.05,790.38125,0.026402640264026403,0.018016017046326643,4.0,0.0,1.0,0.0,0.0,74.12348523169393,592.9878818535515,,,296.49394092677574,
28,3.0,99837.0,470.9292452830189,212.0,10966.5,8246.55,2748.85,6.0,16493.1,8246.55,14.0,589.0392857142857,28.0,1111.1,674.7446428571428,0.1320754716981132,0.1652002764506145,4.666666666666667,2.0,3.0,0.3333333333333333,0.12126283112331825,79.70380104983074,2072.2988272955995,87.42278439816992,174.84556879633985,345.3831378825999,400.6
29,9.0,508427.5,378.5759493670886,1343.0,27643.4,9711.511111111111,1859.6510638297873,47.0,87403.6,9711.511111111111,24.88888888888889,390.19464285714287,224.0,2486.0,1053.4591517857143,0.16679076693968728,0.17190966263626575,4.76595744680851,16.0,5.222222222222222,0.3404255319148936,0.18305882137577856,74.43422687259178,15482.31918949909,144.57383287251773,2313.1813259602836,329.4110465850871,422.87333333333333
30,5.0,246283.8,449.4229927007299,548.0,37746.4,25077.525,3582.503571428572,28.0,100310.1,25077.525,53.25,470.9394366197183,213.0,2227.15,930.9255868544601,0.3886861313868613,0.4072947550752425,7.607142857142857,15.0,7.0,0.5357142857142857,0.1495362879710019,59.48591683471548,11778.211533273665,117.03617031960518,1755.5425547940777,420.6504119026309,383.96000000000004
32,6.0,65925.9,366.255,180.0,13788.4,5439.575,2417.588888888889,9.0,21758.3,5439.575,14.25,381.72456140350874,57.0,947.1,637.7228070175438,0.31666666666666665,0.3300417590051861,6.333333333333333,6.0,2.25,0.6666666666666666,0.27575683762058617,97.92354696777295,4994.100895356421,298.9300321418421,1793.5801928510527,554.9000994840467,439.5333333333333
33,11.0,310553.4,434.94873949579835,714.0,6510.5,3886.12,1943.06,10.0,19430.6,3886.12,8.6,451.8744186046511,43.0,1320.75,608.1976744186046,0.06022408963585434,0.06256766147142487,4.3,3.0,2.0,0.3,0.15439564398423108,81.94065637647188,3277.6262550588754,160.04404596685845,480.13213790057534,327.7626255058875,367.26666666666665
34,2.0,680438.7,465.7349075975359,1461.0,68258.6,44938.15,2643.4205882352944,34.0,89876.3,44938.15,86.5,519.5161849710983,173.0,2268.6,1428.142196531792,0.11841204654346338,0.13208581463693939,5.088235294117647,15.0,17.0,0.4411764705882353,0.16689605602366808,83.09825761863526,13129.524703744371,144.4307866948354,2166.4618004225313,386.16249128659916,838.3555555555555
35,16.0,401995.0,498.7531017369727,806.0,12019.1,6689.314285714286,2128.418181818182,22.0,46825.2,6689.314285714286,13.571428571428571,492.89684210526315,95.0,1385.75,862.0247368421053,0.11786600496277916,0.11648204579658951,4.318181818181818,4.0,3.142857142857143,0.18181818181818182,0.08542408788430161,84.02323950365107,7646.114794832247,164.46047275717797,657.8418910287119,347.5506724923749,404.8
36,4.0,331124.5,419.14493670886077,790.0,35666.7,18021.0,2079.346153846154,26.0,54063.0,18021.0,43.666666666666664,412.69465648854964,131.0,1422.0500000000002,853.1576335877862,0.16582278481012658,0.163270914716368,5.038461538461538,9.0,8.666666666666666,0.34615384615384615,0.166472448809722,84.71229179519004,10334.899599013184,118.46521451796895,1066.1869306617205,397.496138423584,433.0375
37,7.0,543510.0,507.95327102803736,1070.0,17293.7,9473.6,2706.7428571428572,21.0,56841.6,9473.6,19.333333333333332,490.0137931034483,116.0,1279.75,801.8948275862069,0.10841121495327102,0.10458243638571507,5.523809523809524,19.0,3.5,0.9047619047619048,0.3342622304790857,83.08052123486456,8058.810559781862,143.6978281607477,2730.258735054206,383.75288379913627,632.7615384615384
38,5.0,517271.8,471.10364298724954,1098.0,104217.4,38888.719999999994,2777.7657142857142,70.0,194443.6,38888.719999999994,76.0,511.6936842105263,380.0,1782.4,790.4396052631579,0.3460837887067395,0.37590218527281016,5.428571428571429,19.0,14.0,0.2714285714285714,0.09771471007531234,74.88476909079692,27033.40164177769,100.27067581637263,1905.14284051108,386.19145202539556,434.99411764705883
40,5.0,411925.6,405.8380295566502,1015.0,21734.0,10663.640000000001,1904.2214285714285,28.0,53318.2,10663.640000000001,29.0,367.711724137931,145.0,3498.4,1297.999655172414,0.14285714285714285,0.12943648076254546,5.178571428571429,13.0,5.6,0.4642857142857143,0.243819183693373,90.59700847314696,11958.805118455399,146.9908660468789,1910.8812586094255,427.1001828019785,388.075
41,1.0,65003.3,325.0165,200.0,6443.900000000001,6443.900000000001,1288.78,5.0,6443.900000000001,6443.900000000001,23.0,280.1695652173913,23.0,927.3,790.1369565217392,0.115,0.09913189022711155,4.6,1.0,5.0,0.2,0.1551855242942938,89.14575649756475,1961.2066429464244,78.54987269244933,78.54987269244933,392.2413285892848,667.7
42,8.0,308222.3,504.4554828150573,611.0,27228.8,10950.949999999999,2305.463157894737,19.0,43803.8,10950.949999999999,21.5,509.34651162790703,86.0,1670.25,764.010465116279,0.1407528641571195,0.14211755606262105,4.526315789473684,4.0,4.75,0.21052631578947367,0.09131627849638616,89.96142911047075,7376.837187058602,150.84028692201736,603.3611476880694,388.25458879255797,406.3
44,19.0,828532.0,435.382028376248,1903.0,36807.8,7504.200000000001,1951.092,50.0,97554.6,7504.200000000001,17.846153846153847,420.4939655172414,232.0,2688.25,1122.7674568965517,0.12191276931161324,0.11774391333104818,4.64,8.0,3.8461538461538463,0.16,0.08200535905021393,89.33124214093802,20010.198239570116,244.28701634241003,1954.2961307392802,400.2039647914023,515.4375
45,7.0,338930.9,364.8341227125942,929.0,20248.4,11165.166666666666,1762.921052631579,38.0,66991.0,11165.166666666666,32.666666666666664,341.7908163265306,196.0,1916.6,932.2948979591836,0.2109795479009688,0.1976538580577929,5.157894736842105,17.0,6.333333333333333,0.4473684210526316,0.25376543117732236,87.17009454405337,15603.446923385553,227.08987630265483,3860.527897145132,410.6170242996198,396.43636363636364
46,10.0,170304.8,430.0626262626262,396.0,9148.1,4597.5199999999995,2089.781818181818,11.0,22987.6,4597.5199999999995,10.6,433.72830188679245,53.0,1033.4,652.843396226415,0.13383838383838384,0.13497916676453042,4.818181818181818,3.0,2.2,0.2727272727272727,0.13050514190259097,80.35734801651573,4017.8674008257867,227.64774321282877,682.9432296384863,365.26067280234423,425.75
47,11.0,774025.1,445.8669930875576,1736.0,19697.8,10069.866666666667,2157.8285714285716,42.0,90628.8,10069.866666666667,22.11111111111111,455.4211055276382,199.0,2726.7,908.0020100502512,0.11463133640552996,0.11708767583893598,4.738095238095238,17.0,4.666666666666667,0.40476190476190477,0.18757834154264427,89.07324283231158,16211.330195480708,156.93762317019204,2667.939593893265,385.9840522733502,395.45384615384614
48,6.0,867862.3,350.7931689571544,2474.0,124995.9,34907.066666666666,1598.7969465648855,131.0,209442.4,34907.066666666666,105.33333333333333,331.39620253164554,632.0,1988.0,937.2453322784811,0.25545675020210185,0.2413313724999922,4.824427480916031,35.0,21.833333333333332,0.26717557251908397,0.16711038452576937,82.49352390603451,49248.633771902605,152.66673386937404,5343.335685428092,375.94376925116495,374.5642857142857
49,2.0,99694.1,321.59387096774196,310.0,1552.5,1552.5,1552.5,1.0,1552.5,1552.5,5.0,310.5,5.0,1318.65,1295.9,0.016129032258064516,0.015572636695651999,5.0,0.0,1.0,0.0,0.0,64.32760808315975,321.63804041579874,,,321.63804041579874,
50,4.0,114850.2,411.6494623655914,279.0,4122.5,2520.6666666666665,1890.5,4.0,7562.0,2520.6666666666665,7.0,360.0952380952381,21.0,1697.95,1268.9714285714285,0.07526881720430108,0.06584228847664175,5.25,2.0,1.3333333333333333,0.5,0.2644802962179318,90.11589453532787,1712.2019961712294,270.3075809306424,540.6151618612848,428.0504990428074,208.65
52,2.0,151714.0,353.64568764568764,429.0,17707.3,17099.85,1799.984210526316,19.0,34199.7,17099.85,46.0,371.73586956521734,92.0,1762.0,868.9989130434782,0.21445221445221446,0.22542217593630118,4.842105263157895,12.0,9.5,0.631578947368421,0.35088027087956913,97.58114375300414,7806.491500240331,153.41855091590452,1841.0226109908542,410.86797369685956,403.6636363636364
53,4.0,115683.1,396.175,292.0,11067.9,11067.9,1844.6500000000003,6.0,11067.9,11067.9,29.0,381.651724137931,29.0,1688.8000000000002,1485.2844827586207,0.09931506849315068,0.0956743033338491,4.833333333333333,0.0,6.0,0.0,0.0,101.94036919422098,2956.2707066324083,,,492.7117844387347,
54,8.0,466203.0,526.7830508474576,885.0,12252.4,7855.9,2805.6785714285716,14.0,39279.5,7855.9,12.8,613.7421875,64.0,1521.45,1151.27890625,0.07231638418079096,0.08425406957913184,4.571428571428571,4.0,2.8,0.2857142857142857,0.10183429015135122,78.01729354485697,4681.037612691418,159.05171773826453,636.2068709530581,334.35982947795844,863.85
55,13.0,507754.2,448.94270557029176,1131.0,25391.1,6854.890909090909,2037.9405405405407,37.0,75403.8,6854.890909090909,15.727272727272727,435.86011560693646,173.0,2435.3,946.8384393063583,0.15296198054818744,0.14850453231110644,4.675675675675675,5.0,3.3636363636363638,0.13513513513513514,0.06630965548155399,90.14246427804058,15143.933998710818,162.93041827578142,814.6520913789071,409.2955134786707,527.52
57,9.0,576129.5,493.6842330762639,1167.0,39678.6,12049.8,2677.733333333333,36.0,96398.4,12049.8,23.625,510.0444444444444,189.0,3600.7,1611.3674603174604,0.16195372750642673,0.16732071522114383,5.25,14.0,4.5,0.3888888888888889,0.14523062623446034,88.5901105180456,15503.269340657982,199.86349693871497,2798.08895714201,430.6463705738328,441.3666666666666
58,10.0,315826.9,457.0577424023155,691.0,10817.3,6685.799999999999,2228.6000000000004,18.0,40114.8,6685.799999999999,13.833333333333334,483.31084337349404,83.0,1989.4,992.9072289156627,0.12011577424023155,0.1270151465882102,4.611111111111111,3.0,3.0,0.16666666666666666,0.0747853659995812,89.88280065419117,7190.6240523352935,270.743004225179,812.229012675537,399.4791140186274,472.9666666666667
59,1.0,641779.5,412.7199356913183,1555.0,165296.6,165296.6,2233.737837837838,74.0,165296.6,165296.6,397.0,416.3642317380353,397.0,1544.95,1107.9707808564233,0.25530546623794215,0.2575598005233885,5.364864864864865,37.0,74.0,0.5,0.22384005478636584,86.75390414176832,31231.405491036592,129.76298913420638,4801.230597965636,422.04602014914315,316.6275862068966
60,7.0,206562.3,424.1525667351129,487.0,7929.5,4151.166666666667,2075.5833333333335,6.0,12453.5,4151.166666666667,9.0,461.24074074074076,27.0,2078.9,908.3574074074074,0.055441478439425054,0.06028931707286374,4.5,1.0,2.0,0.16666666666666666,0.08029871120568514,85.58960009767019,2225.3296025394247,462.2906120612878,462.2906120612878,370.8882670899041,166.9
61,6.0,451693.4,396.9186291739895,1138.0,10917.6,8601.525,1638.3857142857141,21.0,34406.1,8601.525,22.5,382.28999999999996,90.0,1675.85,915.105,0.07908611599297012,0.07617135871367613,4.285714285714286,5.0,5.25,0.23809523809523808,0.14532306771183018,88.32651152972144,7507.753480026323,150.09908537239363,750.4954268619681,357.5120704774439,660.9
62,7.0,389649.8,522.3187667560321,746.0,17047.6,10286.64,2449.2,21.0,51433.2,10286.64,18.8,547.1617021276595,94.0,2199.65,946.9329787234042,0.1260053619302949,0.13199852790890693,4.476190476190476,2.0,4.2,0.09523809523809523,0.038885389203860546,89.88451416570133,8269.375303244522,169.7665691342987,339.5331382685974,413.4687651622261,267.1
63,7.0,539535.9,362.8351714862139,1487.0,28687.1,13196.983333333332,1759.5977777777775,45.0,79181.9,13196.983333333332,35.833333333333336,368.2879069767442,215.0,2527.1000000000004,1201.786046511628,0.14458641560188298,0.14675927959566729,4.777777777777778,18.0,7.5,0.4,0.22732467899860956,90.48486443720215,17825.518294128822,182.61183067641323,3287.0129521754384,396.1226287584183,422.9066666666667
65,9.0,593080.9,448.9635881907646,1321.0,47307.7,21653.042857142857,2405.8936507936505,63.0,151571.3,21653.042857142857,46.714285714285715,463.5207951070336,327.0,3165.0,1306.7440366972476,0.24753974261922787,0.2555659775926016,5.190476190476191,12.0,9.0,0.19047619047619047,0.07917066093647017,76.39800743666684,24065.372342550058,159.34257164257647,1912.1108597109176,381.99003718333427,435.52727272727276
66,3.0,260640.7,634.1622871046229,411.0,10165.9,6142.95,2457.18,5.0,12285.9,6142.95,10.5,585.0428571428571,21.0,1280.45,1054.5833333333333,0.051094890510948905,0.047137304342721606,4.2,1.0,2.5,0.2,0.08139411846100002,90.9425980872579,1818.8519617451582,127.1504817135979,127.1504817135979,363.7703923490316,884.5
67,10.0,925094.5,445.39937409725565,2077.0,30815.0,13447.73,2134.5603174603175,63.0,134477.3,13447.73,31.3,429.6399361022364,313.0,3085.65,1207.906230031949,0.15069812229176696,0.14536601395857396,4.968253968253968,17.0,6.3,0.2698412698412698,0.12641538757842402,89.4354769564821,26472.901179118704,125.86991462444627,2139.7885486155865,420.2047806209318,421.5416666666667
68,4.0,423896.1,503.4395486935867,842.0,22401.5,9944.725,2209.938888888889,18.0,39778.9,9944.725,19.75,503.5303797468355,79.0,2315.65,1553.137341772152,0.09382422802850356,0.09384115588702044,4.388888888888889,4.0,4.5,0.2222222222222222,0.1005558223078064,87.10527137106375,6532.895352829782,198.65496568385763,794.6198627354305,362.93863071276564,763.85
70,10.0,549320.3,430.8394509803922,1275.0,17409.8,5009.522222222222,1878.5708333333332,24.0,45085.7,5009.522222222222,11.333333333333334,442.01666666666665,102.0,1835.95,972.5446078431373,0.08,0.08207543030905647,4.25,3.0,2.6666666666666665,0.125,0.06653994503800541,76.89978015910563,7613.078235751458,107.33895503177591,322.0168650953277,317.21159315631076,361.6666666666667
71,12.0,446232.9,413.5615384615385,1079.0,12786.8,5952.9,2126.035714285714,14.0,29764.5,5952.9,14.2,419.21830985915494,71.0,1909.25,1061.961971830986,0.06580166821130677,0.06670171562876695,5.071428571428571,6.0,2.8,0.42857142857142855,0.20158242201280047,71.58275946282706,4652.879365083759,137.60050726682903,825.6030436009742,332.34852607741135,392.18333333333334
72,6.0,437273.2,506.6896871378911,863.0,29436.5,22658.5,2614.4423076923076,26.0,67975.5,22658.5,43.666666666666664,518.8969465648855,131.0,1701.65,981.7167938931299,0.15179606025492468,0.1554531583458579,5.038461538461538,10.0,8.666666666666666,0.38461538461538464,0.14711182705533613,85.47419999389844,10342.378199261711,202.01341161912177,2020.1341161912178,397.7837768946812,280.7444444444444
73,11.0,366715.8,396.87857142857143,924.0,33167.6,13614.675,2367.769565217391,23.0,54458.7,13614.675,26.75,508.9598130841121,107.0,1922.45,970.5065420560747,0.11580086580086581,0.14850382775980744,4.6521739130434785,6.0,5.75,0.2608695652173913,0.1101752337092145,88.72074858463445,8960.79560704808,173.01939620956057,1038.1163772573634,389.5998090020904,665.1600000000001
74,9.0,775451.8,416.6855454056959,1861.0,44004.9,13886.75,1821.2131147540983,61.0,111094.0,13886.75,36.0,385.74305555555554,288.0,2314.65,1095.829861111111,0.15475550779150993,0.14326357872920017,4.721311475409836,19.0,7.625,0.3114754098360656,0.17102633805606063,90.1477940381129,24249.756596252373,161.82231570594263,3074.62399841291,397.53699338118645,472.6923076923077
76,6.0,301896.1,338.0695408734602,893.0,35322.5,13447.84,1817.2756756756755,37.0,67239.2,13447.84,36.2,371.48729281767953,181.0,2536.3,1048.421546961326,0.2026875699888018,0.22272298317202507,4.891891891891892,12.0,7.4,0.32432432432432434,0.17846732263322584,82.83685375558028,13999.428284693067,142.9487293372136,1715.384752046563,378.3629266133261,391.26666666666665
77,12.0,591155.5,386.62884238064095,1529.0,27878.6,16008.814285714287,1899.350847457627,59.0,112061.7,16008.814285714287,40.0,400.22035714285715,280.0,3024.7,1590.5016071428572,0.18312622629169392,0.18956382880646463,4.745762711864407,14.0,8.428571428571429,0.23728813559322035,0.12493117630733784,88.32550704276485,23494.58487337545,172.61445195426174,2416.6023273596643,398.2133029385669,444.7785714285714
80,8.0,554592.5,493.84906500445237,1123.0,37910.0,26252.933333333334,3150.3520000000003,25.0,78758.8,26252.933333333334,41.333333333333336,635.1516129032258,124.0,3198.8,1646.2903225806451,0.11041852181656278,0.14201201783291337,4.96,8.0,8.333333333333334,0.32,0.10157595087787015,76.53953599572564,8878.586175504175,171.72667779172832,1373.8134223338266,355.143447020167,325.46666666666664
81,16.0,748800.4,435.09610691458454,1721.0,29947.0,10762.463636363636,2041.1568965517242,58.0,118387.1,10762.463636363636,24.272727272727273,443.39737827715356,267.0,2164.8,1064.2402621722847,0.15514235909355026,0.1581023460991741,4.603448275862069,14.0,5.2727272727272725,0.2413793103448276,0.11825612756795292,80.86457731986509,20458.73806192587,217.72210551758943,3048.109477246252,352.7368631366529,552.4
82,6.0,136060.7,440.3258899676376,309.0,16842.100000000002,9330.7,2665.914285714286,7.0,18661.4,9330.7,17.5,533.1828571428572,35.0,2290.7,1137.037142857143,0.11326860841423948,0.13715496098432536,5.0,1.0,3.5,0.14285714285714285,0.05358654763308218,101.14660827238471,3438.9846812610804,394.7204358783568,394.7204358783568,491.28352589444006,450.6
83,12.0,60046.2,431.9870503597122,139.0,1352.2,1352.2,1352.2,1.0,1352.2,1352.2,4.0,338.05,4.0,1047.5,1035.1125,0.02877697841726619,0.022519326785042187,4.0,1.0,1.0,1.0,0.7395355716609969,40.46018291683263,121.3805487504979,12.975746606650317,12.975746606650317,121.3805487504979,400.6
84,5.0,274528.8,409.1338301043219,671.0,19446.4,11968.200000000003,2393.64,15.0,35904.6,11968.200000000003,26.0,460.3153846153846,78.0,1087.9499999999998,792.1096153846154,0.11624441132637854,0.13078627816097982,5.2,6.0,5.0,0.4,0.16710950685984527,69.38395003253373,4995.644402342429,48.858653261376254,293.15191956825754,333.04296015616194,594.22
85,9.0,334328.8,387.403012746234,863.0,24922.1,11689.0625,1948.1770833333333,48.0,93512.5,11689.0625,27.625,423.1334841628959,221.0,2246.9,1063.9339366515837,0.25608342989571264,0.27970219735781066,4.604166666666667,9.0,6.0,0.1875,0.09624381767143429,82.65979827949022,17523.877235251926,225.1170048986933,2026.0530440882396,365.0807757344151,469.4625
86,5.0,433727.0,521.9338146811072,831.0,48041.6,33112.833333333336,3104.328125,32.0,99338.5,33112.833333333336,56.666666666666664,584.3441176470589,170.0,1610.3,1069.83,0.2045728038507822,0.229034623161574,5.3125,11.0,10.666666666666666,0.34375,0.11073249545745104,83.31203251842254,13246.613170429184,115.15364455133758,1266.6900900647133,413.956661575912,457.0125
88,25.0,746721.3,471.712760581175,1583.0,27977.1,8437.085714285715,2684.5272727272727,22.0,59059.6,8437.085714285715,14.714285714285714,573.3941747572816,103.0,2372.3,1346.7296116504854,0.06506632975363234,0.07909189144597857,4.681818181818182,3.0,3.142857142857143,0.13636363636363635,0.05079614491124221,89.51735295840372,8951.735295840372,143.41143829430192,430.2343148829058,406.89705890183507,311.6
89,4.0,401365.9,422.9356164383562,949.0,47774.5,28027.333333333332,2335.6111111111113,36.0,84082.0,28027.333333333332,60.0,467.1222222222222,180.0,2565.9,1061.2227777777778,0.18967334035827185,0.2094896452339374,5.0,11.0,12.0,0.3055555555555556,0.13082467115434934,74.51241354703826,12592.597889449466,119.72159752430224,1316.9375727673246,349.7943858180407,677.0555555555555
90,4.0,156020.6,383.3429975429976,407.0,16893.5,12411.15,1551.39375,16.0,24822.3,12411.15,38.5,322.36753246753244,77.0,1291.4,767.498051948052,0.1891891891891892,0.15909629882207862,4.8125,5.0,8.0,0.3125,0.20143177707142368,87.00567368201696,6264.408505105222,157.2572019461164,786.286009730582,391.52553156907635,487.46000000000004
91,10.0,568229.3,502.8577876106195,1130.0,62518.2,14401.083333333334,2468.7571428571428,35.0,86406.5,14401.083333333334,29.833333333333332,482.71787709497204,179.0,1519.5,790.4371508379888,0.1584070796460177,0.15206273242157697,5.114285714285714,17.0,5.833333333333333,0.4857142857142857,0.1967444578822195,94.01423687719898,15230.306374106236,186.29446822102292,3167.0059597573895,435.1516106887496,606.24375
92,7.0,364338.0,344.3648393194707,1058.0,24388.2,16454.05,1862.722641509434,53.0,98724.3,16454.05,48.333333333333336,340.4286206896552,290.0,2599.0,1246.1005172413793,0.2741020793950851,0.2709689903331522,5.471698113207547,33.0,8.833333333333334,0.6226415094339622,0.3342642085079357,89.10642191888033,22900.350433152245,221.20791378458043,7299.861154891154,432.082083644382,381.3538461538461
93,6.0,503813.0,563.5492170022371,894.0,33286.9,15732.060000000001,2913.3444444444444,27.0,78660.3,15732.060000000001,26.8,587.0171641791045,134.0,3120.0,1465.5462686567164,0.14988814317673377,0.1561299529785853,4.962962962962963,10.0,5.4,0.37037037037037035,0.1271289328924502,90.12302303364564,11175.25485617206,136.76058038266981,1367.605803826698,413.8983280063726,493.4222222222222
94,4.0,524306.1,366.3914046121593,1431.0,58207.6,30620.13333333333,1766.5461538461536,52.0,91860.4,30620.13333333333,84.66666666666667,361.6551181102362,254.0,2274.75,1318.9812992125985,0.1774982529699511,0.17520375978841368,4.884615384615385,22.0,17.333333333333332,0.4230769230769231,0.23949384065386176,87.70347981744648,20347.207317647582,191.3736908558991,4210.22119882978,391.29244841629964,384.8315789473684
95,6.0,567823.5,388.6540041067762,1461.0,26772.3,15122.875,1779.1617647058824,34.0,60491.5,15122.875,37.75,400.60596026490066,151.0,2387.3,1753.9115894039737,0.10335386721423682,0.10653222348141632,4.4411764705882355,4.0,8.5,0.11764705882352941,0.06612499276757891,88.35067377254644,12987.549044564326,131.27994154091834,525.1197661636734,381.98673660483314,454.77500000000003
96,7.0,347700.7,406.19240654205606,856.0,19264.6,12343.775,1702.5896551724138,29.0,49375.1,12343.775,35.5,347.71197183098593,142.0,2240.6,1304.405985915493,0.1658878504672897,0.14200460338446255,4.896551724137931,8.0,7.25,0.27586206896551724,0.16202498830382117,91.43832873449341,12252.736050422118,170.8863485713543,1367.0907885708343,422.5081396697282,381.2833333333333
97,6.0,1028684.4,474.04811059907837,2170.0,70559.8,27443.125,2494.8295454545455,44.0,109772.5,27443.125,53.0,517.7948113207547,212.0,3894.75,1530.4646226415093,0.09769585253456221,0.10671154340437164,4.818181818181818,21.0,11.0,0.4772727272727273,0.1913047439021613,86.20857918849924,16465.838625003355,144.63294771158272,3037.291901943237,374.2236051137126,532.125
98,6.0,612750.9,528.6893011216566,1159.0,36637.2,12535.125,2638.9736842105262,19.0,50140.5,12535.125,23.25,539.1451612903226,93.0,2509.9,1021.9698924731182,0.08024158757549611,0.08182852118209863,4.894736842105263,12.0,4.75,0.631578947368421,0.23932748975379184,80.37757553987271,6510.583618729689,175.99218028013163,2111.9061633615797,342.6622957226152,562.46
99,3.0,204645.7,478.1441588785047,428.0,20565.6,11376.099999999999,2528.0222222222224,9.0,22752.2,11376.099999999999,20.5,554.9317073170732,41.0,2416.8500000000004,1652.820731707317,0.09579439252336448,0.11117849043493218,4.555555555555555,2.0,4.5,0.2222222222222222,0.08790358734539956,89.38747304378042,3486.1114487074365,195.38194781342787,390.76389562685574,387.3457165230485,483.95000000000005
100,6.0,505335.6,500.3322772277227,1010.0,50128.7,24726.52,2687.6652173913044,46.0,123632.6,24726.52,45.0,549.4782222222223,225.0,2089.9,1114.265111111111,0.22277227722772278,0.24465444350249618,4.891304347826087,17.0,9.2,0.3695652173913043,0.13750418578918505,80.95319071968773,16838.263669695047,134.56077670740623,2287.533204025906,366.0492102107619,605.7214285714286
101,5.0,516438.5,521.6550505050506,990.0,39845.4,24278.56,2890.304761904762,42.0,121392.8,24278.56,41.8,580.8267942583732,209.0,2834.15,1285.204066985646,0.2111111111111111,0.2350576109255991,4.976190476190476,6.0,8.4,0.14285714285714285,0.04942632511977646,89.28181069307644,18124.207570694518,223.59489416071958,1341.5693649643174,431.5287516832028,1343.9166666666667
102,8.0,1225976.8,482.8581331232769,2539.0,66555.2,24580.966666666664,2137.475362318841,69.0,147485.8,24580.966666666664,53.5,459.4573208722741,321.0,4240.6,1539.5409657320872,0.12642772745175265,0.12030064516718422,4.6521739130434785,22.0,11.5,0.3188405797101449,0.1491669028475962,95.7843304076086,28639.514791874975,155.15998436544893,3413.5196560398763,415.065431766304,465.735
103,5.0,457624.4,410.7938958707361,1114.0,98689.2,45466.666666666664,2351.7241379310344,58.0,136400.0,45466.666666666664,102.0,445.7516339869281,306.0,2035.95,1298.2452614379085,0.2746858168761221,0.2980610299625632,5.275862068965517,18.0,19.333333333333332,0.3103448275862069,0.13196480938416422,92.82760826182277,26734.35117940496,140.95456368500243,2537.182146330044,460.9370893000855,348.99090909090904
104,7.0,448744.6,470.38218029350105,954.0,20215.0,11165.933333333334,2233.186666666667,30.0,66995.6,11165.933333333334,22.0,507.54242424242426,132.0,1735.15,1201.5223484848486,0.13836477987421383,0.1492956126937238,4.4,4.0,5.0,0.13333333333333333,0.05970541348984112,83.2687109178081,10658.394997479436,148.94576205171688,595.7830482068675,355.27983324931455,283.825
105,11.0,802051.9,445.5843888888889,1800.0,29246.8,10120.85,2108.5104166666665,48.0,101208.5,10120.85,22.5,449.81555555555553,225.0,3495.1000000000004,1240.2042222222224,0.125,0.12618697119226324,4.6875,11.0,4.8,0.22916666666666666,0.10868652336513238,91.41368391453909,19562.528357711366,278.1462802578453,3059.6090828362985,407.5526741189868,441.6363636363636
106,7.0,246796.1,388.6552755905512,635.0,15658.3,7522.12,2350.6625,16.0,37610.6,7522.12,19.0,395.9010526315789,95.0,1329.7,844.2936842105263,0.14960629921259844,0.15239543898789323,5.9375,10.0,3.2,0.625,0.2658824905744657,87.91457087550828,7472.738524418203,231.57073255352262,2315.707325535226,467.0461577761377,422.8666666666666
107,7.0,611458.2,478.0752150117279,1279.0,18094.2,9495.383333333333,2110.0851851851853,27.0,56972.3,9495.383333333333,20.166666666666668,470.8454545454546,121.0,2405.25,1263.957438016529,0.0946051602814699,0.09317448028336198,4.481481481481482,6.0,4.5,0.2222222222222222,0.10531433696726303,84.76844044827722,9748.37065155188,128.23039598361382,769.3823759016828,361.0507648722919,548.1333333333333
108,6.0,391150.1,442.4774886877828,884.0,19830.7,10576.5,2299.2391304347825,23.0,52882.5,10576.5,21.6,489.65277777777777,108.0,1994.95,1179.986574074074,0.12217194570135746,0.13519746000320593,4.695652173913044,5.0,4.6,0.21739130434782608,0.09454923651491515,91.20038510590037,9393.639665907738,189.29924272479894,946.4962136239947,408.4191159090321,540.86
109,2.0,428446.6,491.3378440366972,872.0,79775.4,43693.75,3013.362068965517,29.0,87387.5,43693.75,69.5,628.6870503597122,139.0,3378.9,1773.8568345323743,0.15940366972477063,0.2039635744571202,4.793103448275862,4.0,14.5,0.13793103448275862,0.045773136890287516,67.23122143477865,9076.214893695118,246.1401127289298,984.5604509157192,312.9729273687972,676.05
110,13.0,928040.2,334.5494592645998,2774.0,31950.600000000002,15320.64,1445.343396226415,106.0,153206.4,15320.64,51.4,298.0669260700389,514.0,3089.7,977.7795719844358,0.18529199711607786,0.16508595209560967,4.849056603773585,36.0,10.6,0.33962264150943394,0.2349771288927878,91.48969946072616,43732.076342227105,176.91041823409813,6368.775056427533,412.5667579455387,364.1592592592592
111,4.0,901077.2,524.7974373907979,1717.0,64201.0,32751.225,2258.705172413793,58.0,131004.9,32751.225,72.75,450.1886597938144,291.0,4670.700000000001,1314.0898625429554,0.16948165404775772,0.1453869879295581,5.017241379310345,24.0,14.5,0.41379310344827586,0.18319925437903467,88.58810068847191,23653.022883822,155.97583793911963,3743.420110538871,407.8107393762414,484.82608695652175
112,19.0,812680.6,338.1941739492301,2403.0,34170.7,7884.4333333333325,1542.6065217391304,46.0,70959.9,7884.4333333333325,23.22222222222222,339.5210526315789,209.0,3441.75,1487.2865231259968,0.0869746150645027,0.08731585323926767,4.543478260869565,6.0,5.111111111111111,0.13043478260869565,0.08455479785061704,96.06908756265551,19502.02477521907,295.3333645206634,1772.0001871239804,423.95706033084934,570.4
113,5.0,734421.4,580.1116903633491,1266.0,64274.7,22215.95,2776.99375,32.0,88863.8,22215.95,38.5,577.0376623376624,154.0,1391.3,1028.3912337662337,0.12164296998420221,0.12099838049381459,4.8125,8.0,8.0,0.25,0.09002540967187989,92.25444515695062,13469.148992914792,276.19033806624486,2209.522704529959,420.91090602858725,665.65
114,8.0,408082.8,334.7684987694832,1219.0,19130.3,11399.471428571429,1734.7021739130435,46.0,79796.3,11399.471428571429,33.285714285714285,342.4733905579399,233.0,2106.1,1235.1062231759656,0.1911402789171452,0.19553948365380752,5.065217391304348,10.0,6.571428571428571,0.21739130434782608,0.12531909374244168,93.16874386351603,20776.629881564073,282.97051004207543,2829.705100420754,451.66586699052334,359.9888888888889
115,6.0,372503.0,444.5143198090692,838.0,18998.5,11251.4,2250.28,25.0,56257.0,11251.4,22.8,493.4824561403509,114.0,1838.95,838.9592105263158,0.1360381861575179,0.15102428705272172,4.56,2.0,5.0,0.08,0.03555113141475728,78.38095255649667,8778.666686327626,304.91388347702116,609.8277669540423,351.146667453105,350.54999999999995
116,3.0,259874.7,449.61020761245675,578.0,34972.9,34684.600000000006,2102.0969696969696,33.0,69369.2,34684.600000000006,74.5,465.5651006711409,149.0,2545.55,1486.711409395973,0.2577854671280277,0.26693325668100815,4.515151515151516,6.0,16.5,0.18181818181818182,0.08649371767297302,75.30328022279143,10768.369071859175,122.91087435359668,737.4652461215801,326.31421429876286,422.9166666666667
117,16.0,976953.2,446.0973515981735,2190.0,47924.5,10372.4375,2370.842857142857,35.0,82979.5,10372.4375,21.5,482.4389534883721,172.0,3415.8,1650.1389534883722,0.07853881278538813,0.08493702666616988,4.914285714285715,14.0,4.375,0.4,0.1687163697057707,92.39709350540191,14598.740773853502,157.90378954984843,2210.653053697878,417.1068792529572,392.3
118,7.0,330007.7,572.9300347222222,576.0,8430.6,5074.6,2899.7714285714287,7.0,20298.4,5074.6,7.75,654.7870967741936,31.0,1557.9,1007.4532258064515,0.05381944444444445,0.06150886782338715,4.428571428571429,3.0,1.75,0.42857142857142855,0.14779490009064752,81.56953260746495,2283.9469130090188,5.633270481190036,16.89981144357011,326.2781304298598,492.45
119,4.0,128854.8,398.9312693498452,323.0,9397.4,5583.4,2233.3599999999997,5.0,11166.8,5583.4,10.5,531.7523809523809,21.0,671.2,476.47380952380956,0.06501547987616099,0.08666188609194224,4.2,0.0,2.5,0.0,0.0,70.3500185312964,1477.3503891572245,,,295.4700778314449,
120,9.0,332869.6,448.007537012113,743.0,24489.0,10120.449999999999,2381.2823529411767,17.0,40481.8,10120.449999999999,18.0,562.2472222222223,72.0,3284.4,1294.3777777777777,0.09690444145356662,0.12161459021791117,4.235294117647059,3.0,4.25,0.17647058823529413,0.07410737664827156,79.60017156858825,5492.41183823259,112.46674766650601,337.400242999518,323.08304930779946,389.56666666666666
122,17.0,850015.2,610.2047379755923,1393.0,61114.7,21086.3,3514.3833333333337,42.0,147604.1,21086.3,26.857142857142858,785.1281914893617,188.0,2827.5,1440.3792553191488,0.1349605168700646,0.17364877710422122,4.476190476190476,12.0,6.0,0.2857142857142857,0.08129855471494356,87.89264154238279,15469.104911459372,106.01501001924787,1272.1801202309744,368.3120217014136,839.1818181818181
123,13.0,547443.8,397.562672476398,1377.0,47473.7,17296.0,2052.0677966101694,59.0,121072.0,17296.0,43.0,402.2325581395349,301.0,1973.7,995.5671096345516,0.2185911401597676,0.22115877465412886,5.101694915254237,23.0,8.428571428571429,0.3898305084745763,0.1899696048632219,87.75040358990464,24394.61219799349,199.76851280038406,4594.675794408833,413.46800335582185,367.24285714285713
124,5.0,236272.2,607.3835475578406,389.0,22748.3,13920.433333333334,3212.4076923076927,13.0,41761.3,13920.433333333334,20.333333333333332,684.6114754098361,61.0,2553.5,1026.1983606557376,0.15681233933161953,0.17675079844349018,4.6923076923076925,3.0,4.333333333333333,0.23076923076923078,0.07183684415954483,79.64398143379226,4619.350923159951,218.87999233463154,656.6399770038946,355.3346863969193,500.7333333333333
125,2.0,287694.9,433.27545180722893,664.0,30382.0,20775.0,1888.6363636363637,22.0,41550.0,20775.0,50.5,411.38613861386136,101.0,1496.5,856.6970297029702,0.15210843373493976,0.14442383233070866,4.590909090909091,5.0,11.0,0.22727272727272727,0.12033694344163658,76.54118553366285,7347.953811231634,61.919051916900706,309.59525958450354,333.99790051052884,307.15999999999997
126,5.0,375496.4,486.39430051813474,772.0,57039.1,21166.625,3023.8035714285716,28.0,84666.5,21166.625,35.25,600.4716312056737,141.0,2372.75,1745.313475177305,0.18264248704663213,0.2254788594511159,5.035714285714286,4.0,7.0,0.14285714285714285,0.04724418748855805,77.91649703722413,10674.560094099706,232.38904951174234,929.5561980469694,381.23428907498953,275.475
127,8.0,721150.3,421.97208894090113,1709.0,68526.5,18120.55,1622.7358208955225,67.0,108723.3,18120.55,48.0,377.51145833333334,288.0,2208.15,1112.5541666666666,0.16851960210649503,0.1507637173554528,4.298507462686567,5.0,11.166666666666666,0.07462686567164178,0.045988302415397614,84.76674855954425,23988.989842351024,158.74705101346888,793.7352550673444,358.0446245127018,343.88
128,2.0,241150.3,715.5795252225519,337.0,71064.6,71064.6,3384.028571428572,21.0,71064.6,71064.6,92.0,772.4413043478262,92.0,1772.25,952.6255434782609,0.27299703264094954,0.29469007502789757,4.380952380952381,6.0,21.0,0.2857142857142857,0.08443022264249711,82.90369852946579,7129.718073534058,166.6458699018694,999.8752194112163,339.5103844540028,920.6333333333332
