uid,n_CP_visited,sum_fix_dur,mean_fix_dur,n_fixs,max_sum_reading_dur_per_content-page,mean_sum_reading_dur_per_content-page,mean_dur_per_RS,n_RS,sum_RF_dur,mean_RF_dur_per_CP,mean_n_RF_per_CP,mean_RF_dur,n_RF,max_y_of_RF,mean_y_of_RF,ratio_RF_per_fix,ratio_RF_dur_per_fix_dur,ratio_n_RF_per_n_RS,n_REG,mean_n_RS_per_CP,ratio_n_REG_per_n_RS,ratio_n_REG_per_sec,mean_len_RF_in_px,sum_len_RS_in_px,mean_len_REG_in_px,sum_len_REG_in_px,mean_len_RS_in_px,mean_dur_until_first_REG_per_RS,mean_rows_per_RS,session_count_unique_words,mean_len_RS_in_idx,sum_len_RS_in_idx,ratio_sum_len_RS_in_idx_per_reading_dur,mean_len_REG_in_idx,n_unique_words_read,n_words_read,ratio_n_unique_words_per_n_words,unique_words_per_sec,words_per_sec
1,8.0,541770.9,505.383302238806,1072.0,93247.1,34622.45,2495.3117117117117,111.0,276979.6,34622.45,65.0,532.6530769230769,520.0,4295.75,1485.4017307692309,0.48507462686567165,0.511248573889812,4.684684684684685,25.0,13.875,0.22522522522522523,0.09025935484057311,137.43426048770777,68029.95894141535,251.75615871088692,6293.903967772173,612.8825129857238,449.8388888888889,1.4094488188976377,443.0,7.297297297297297,810.0,2.9244030968345687,3.8,833.0,921.0,0.9044516829533116,3.007441703287896,3.325154632326713
3,4.0,179615.2,467.7479166666667,384.0,53445.799999999996,26601.099999999995,3627.4227272727276,22.0,79803.3,26601.099999999995,58.0,458.6396551724138,174.0,2509.05,1073.9574712643678,0.453125,0.4443014845068791,7.909090909090909,48.0,7.333333333333333,2.1818181818181817,0.6014788862114724,122.30572289267712,15410.521084477317,183.1019897710412,8788.895509009977,700.4782311126054,562.53,1.95,52.0,4.954545454545454,109.0,1.3658583041052186,2.1458333333333335,92.0,131.0,0.7022900763358778,1.1528345319053221,1.6415361269521436
4,5.0,592807.9,561.3711174242425,1056.0,204268.3,66082.92,2394.308695652174,138.0,330414.6,66082.92,107.4,615.2972067039105,537.0,2579.35,1160.1568901303538,0.5085227272727273,0.5573721267884587,3.891304347826087,38.0,27.6,0.2753623188405797,0.11500702450799692,98.88189365745745,49342.06493507127,200.40881720736766,7615.535053879971,357.5511951816759,457.7096774193548,1.6730769230769231,407.0,5.884057971014493,812.0,2.4575185236971975,3.710526315789474,728.0,950.0,0.7663157894736842,2.2032924695216254,2.8751756126999233
5,3.0,23976.1,479.522,50.0,7659.0,4413.8,1765.52,5.0,8827.6,4413.8,8.5,519.2705882352941,17.0,2526.3,1595.894117647059,0.34,0.3681833158854026,3.4,0.0,2.5,0.0,0.0,89.44007364889552,1520.481252031224,,,304.0962504062448,,1.0,16.0,5.8,29.0,3.2851511169513796,,34.0,34.0,1.0,3.8515564819429966,3.8515564819429966
6,6.0,403277.6,507.2674213836478,795.0,86930.0,35396.63333333333,1862.9807017543858,114.0,212379.8,35396.63333333333,70.16666666666667,504.4650831353919,421.0,3826.35,1355.4657957244656,0.529559748427673,0.5266342588827151,3.692982456140351,21.0,19.0,0.18421052631578946,0.09887946028765449,118.57814610863709,47431.25844345483,134.98338213691412,2834.6510248751965,416.06367055662133,607.864705882353,1.6483516483516483,354.0,6.192982456140351,706.0,3.324233283956384,3.4761904761904763,665.0,820.0,0.8109756097560976,3.1311829091090586,3.8610074969465082
7,2.0,28997.8,273.5641509433962,106.0,6095.1,6095.1,609.51,10.0,6095.1,6095.1,26.0,234.4269230769231,26.0,918.8,850.9076923076923,0.24528301886792453,0.21019180765437379,2.6,2.0,10.0,0.2,0.32813243425046346,91.83520857255446,2204.0450057413072,194.79168701171875,389.5833740234375,220.40450057413068,167.0,2.75,18.0,3.9,39.0,6.3985824678840375,4.0,32.0,49.0,0.6530612244897959,5.250118948007415,8.039244639136355
8,7.0,413026.0,480.2627906976744,860.0,104144.8,54982.100000000006,2290.920833333333,96.0,219928.4,54982.100000000006,106.5,516.2638497652582,426.0,4011.0,1541.3542253521127,0.49534883720930234,0.5324807639228523,4.4375,20.0,24.0,0.20833333333333334,0.0909386873182363,95.10148246622781,38611.20188128849,257.16705115270156,5143.341023054031,402.2000195967551,591.9,1.5,331.0,6.677083333333333,641.0,2.9145849285494734,5.4,622.0,737.0,0.8439620081411127,2.828193175597149,3.351090627677008
9,1.0,93568.1,516.9508287292819,181.0,35997.4,35997.4,1565.104347826087,23.0,35997.4,35997.4,66.0,545.4151515151516,66.0,1204.9,757.559595959596,0.36464088397790057,0.3847187235820755,2.869565217391304,0.0,23.0,0.0,0.0,74.14547970048785,4893.601660232199,,,212.765289575313,,1.35,56.0,4.3478260869565215,100.0,2.777978409551801,,108.0,123.0,0.8780487804878049,3.000216682315945,3.416913443748715
10,12.0,665466.4,429.610329244674,1549.0,111993.2,28805.67272727273,1650.325,192.0,316862.4,28805.67272727273,66.54545454545455,432.87213114754104,732.0,4310.5,1189.1552595628416,0.4725629438347321,0.4761508620119664,3.8125,35.0,17.454545454545453,0.18229166666666666,0.11045804109291603,105.13819898516233,73281.32469265815,198.64118279047068,6952.441397666474,381.6735661075945,494.79285714285714,1.7956204379562044,533.0,5.885416666666667,1130.0,3.566216755285575,3.942857142857143,968.0,1322.0,0.7322239031770046,3.054953822226935,4.1721580092810004
11,5.0,658287.2,389.9805687203791,1688.0,193859.6,75250.68000000001,1791.6828571428573,210.0,376253.4,75250.68000000001,187.4,401.55112059765213,937.0,2520.8500000000004,1315.4053361792958,0.5550947867298578,0.5715642048030101,4.461904761904762,85.0,42.0,0.40476190476190477,0.2259115798023353,104.43690556786585,88980.2435438217,174.98104168898553,14873.38854356377,423.71544544677005,404.4225806451613,2.8854166666666665,524.0,6.457142857142857,1356.0,3.6039541436701965,4.2,801.0,1566.0,0.5114942528735632,2.1288844167255365,4.162088634946554
13,6.0,399693.0,575.9265129682997,694.0,66435.7,42763.14,1892.174336283186,113.0,213815.7,42763.14,75.0,570.1752,375.0,3398.55,1342.3164000000002,0.5403458213256485,0.5349498239899123,3.3185840707964602,20.0,22.6,0.17699115044247787,0.09353850068072643,133.78159974635568,47492.46790995627,279.55883758678857,5591.176751735771,420.28732663678113,588.8444444444444,1.7882352941176471,296.0,5.761061946902655,651.0,3.0446781971576455,4.5,593.0,764.0,0.7761780104712042,2.773416545183539,3.5731707260037497
15,3.0,681381.3,694.5782874617737,981.0,251215.3,112077.83333333333,2711.560483870968,124.0,336233.5,112077.83333333333,161.33333333333334,694.6973140495868,484.0,3812.1,1696.1673553719008,0.49337410805300713,0.49345865523459476,3.903225806451613,34.0,41.333333333333336,0.27419354838709675,0.10112020366798669,119.33245271776418,53699.60372299388,253.22074913622959,8609.505470631806,433.06132034672487,701.157142857143,2.1944444444444446,308.0,5.935483870967742,736.0,2.188954997048182,4.117647058823529,542.0,860.0,0.6302325581395349,1.6119750114131994,2.5577463280726045
16,4.0,250344.8,551.4202643171806,454.0,61881.3,28531.425,2329.0959183673467,49.0,114125.7,28531.425,49.25,579.3182741116751,197.0,3144.15,878.067766497462,0.43392070484581496,0.45587405849851886,4.020408163265306,20.0,12.25,0.40816326530612246,0.17524536541725483,93.90960509275943,16622.00010141842,183.9504156849425,3679.00831369885,339.224491865682,521.0785714285714,2.3793103448275863,122.0,5.346938775510204,262.0,2.2957142869660383,3.5,209.0,311.0,0.6720257234726688,1.831314068610313,2.725065432238313
17,8.0,296943.0,438.615952732644,677.0,37659.8,19296.557142857142,1517.7067415730337,89.0,135075.9,19296.557142857142,45.57142857142857,423.4354231974921,319.0,5285.75,1027.8396551724138,0.4711964549483013,0.4548883118982431,3.5842696629213484,23.0,12.714285714285714,0.25842696629213485,0.17027463818490196,99.5964737896589,29480.556241739036,214.57524843268564,4935.23071395177,331.24220496335994,501.03333333333336,1.625,257.0,5.415730337078652,482.0,3.5683641567444675,3.608695652173913,468.0,571.0,0.819614711033275,3.4647187248058318,4.227252974068654
19,8.0,455163.8,585.7963963963964,777.0,48492.0,27729.440000000002,1873.610810810811,74.0,138647.2,27729.440000000002,49.6,559.0612903225807,248.0,13122.25,2027.6653225806451,0.31917631917631917,0.3046094614729906,3.3513513513513513,2.0,14.8,0.02702702702702703,0.014425101985471036,90.5908826258593,22285.357125961385,107.6083374023437,215.2166748046874,301.15347467515386,909.5,1.3833333333333333,224.0,5.594594594594595,414.0,2.9859961109925046,3.0,424.0,488.0,0.8688524590163934,3.05812162091986,3.5197248844549325
21,4.0,450430.3,629.9724475524475,715.0,142844.2,66906.25,2908.967391304348,92.0,267625.0,66906.25,101.75,657.5552825552826,407.0,3917.9,1311.195823095823,0.5692307692307692,0.594154078888565,4.423913043478261,22.0,23.0,0.2391304347826087,0.08220457730032696,122.53762825075596,47176.98687654104,226.6729996867484,4986.8059931084645,512.7933356145766,479.1823529411765,1.4731182795698925,340.0,7.021739130434782,646.0,2.413825315273237,4.0,635.0,738.0,0.8604336043360433,2.372723026623073,2.757589911256422
22,7.0,603899.3,436.02837545126357,1385.0,213766.6,60521.14,2072.641780821918,146.0,302605.7,60521.14,126.2,479.56529318542,631.0,2243.2,903.2607765451664,0.4555956678700361,0.5010863566160781,4.321917808219178,54.0,29.2,0.3698630136986301,0.17845004241493137,103.94137682403088,59974.17442746582,186.71726266366005,10082.732183837643,410.7820166264782,419.697619047619,2.5405405405405403,364.0,6.109589041095891,892.0,2.947730330261459,3.6296296296296298,572.0,1038.0,0.5510597302504817,1.890248597432236,3.430206370864792
23,2.0,88488.7,444.66683417085426,199.0,57743.2,29705.85,2048.6793103448276,29.0,59411.7,29705.85,65.0,457.0130769230769,130.0,3467.65,1648.1676923076923,0.6532663316582915,0.6714043714056145,4.482758620689655,7.0,14.5,0.2413793103448276,0.11782191049911045,111.82602169465191,13754.600668442185,250.8237319654741,1755.7661237583188,474.29657477386843,531.3833333333333,1.2580645161290323,110.0,7.413793103448276,215.0,3.618815822472678,5.142857142857143,223.0,244.0,0.9139344262295082,3.7534694344716617,4.106935165968993
24,3.0,198009.6,413.3812108559499,479.0,36986.3,24083.5,1762.2073170731708,41.0,72250.5,24083.5,55.333333333333336,435.24397590361446,166.0,1914.35,1161.0548192771084,0.3465553235908142,0.36488382381460294,4.048780487804878,13.0,13.666666666666666,0.3170731707317073,0.17992955066054905,103.50620039914119,15836.448661068604,189.88020493229234,2468.4426641198006,386.2548453919172,332.6125,1.6764705882352942,119.0,5.7073170731707314,234.0,3.238731911889883,3.923076923076923,218.0,275.0,0.7927272727272727,3.017280157230746,3.8062020332039226
25,5.0,142343.6,382.6440860215054,372.0,15079.0,9331.539999999999,1505.0870967741935,31.0,46657.7,9331.539999999999,23.6,395.40423728813556,118.0,2577.7,1263.8661016949154,0.3172043010752688,0.32778221149387815,3.806451612903226,11.0,6.2,0.3548387096774194,0.2357595852345915,104.14302401743029,11143.303569865042,257.5701753978496,2833.2719293763453,359.4614054795175,242.91428571428574,1.05,102.0,4.967741935483871,154.0,3.300634193284281,3.6363636363636362,185.0,185.0,1.0,3.9650475698544936,3.9650475698544936
26,9.0,363985.7,364.71513026052105,998.0,28903.6,18312.0,1458.4778761061948,113.0,164808.0,18312.0,52.55555555555556,348.43128964059196,473.0,2655.85,1038.6081395348838,0.47394789579158314,0.45278701883068484,4.185840707964601,21.0,12.555555555555555,0.18584070796460178,0.12742099898063203,111.16762358225307,50247.76585917839,212.77302093991824,4468.233439738283,444.6704943290123,512.05,1.490566037735849,386.0,6.628318584070796,749.0,4.544682296975875,5.238095238095238,736.0,862.0,0.8538283062645011,4.465802630940246,5.230328624824037
27,8.0,93998.6,393.29958158995817,239.0,7020.5,3640.9,1011.3611111111111,18.0,18204.5,3640.9,11.0,330.9909090909091,55.0,2371.95,813.0163636363636,0.2301255230125523,0.19366777803073662,3.0555555555555554,3.0,3.6,0.16666666666666666,0.16479441896234448,111.96185349913402,5822.016381954969,116.62221272786458,349.86663818359375,323.44535455305385,484.93333333333334,1.1304347826086956,44.0,3.888888888888889,70.0,3.845203109121371,1.3333333333333333,86.0,88.0,0.9772727272727273,4.724106676920542,4.833969622895438
28,2.0,78723.4,480.02073170731705,164.0,37757.1,20380.8,1852.8,22.0,40761.6,20380.8,41.5,491.1036144578313,83.0,1111.1,719.7132530120482,0.5060975609756098,0.5177825144747306,3.772727272727273,5.0,11.0,0.22727272727272727,0.12266446851939079,99.54431389194912,7764.456483572031,228.53665771484376,1142.6832885742188,352.92984016236505,527.7,1.4285714285714286,67.0,6.0,132.0,3.238341968911917,5.4,130.0,154.0,0.8441558441558441,3.189276181504161,3.778065630397237
29,8.0,441121.6,381.59307958477507,1156.0,69276.9,28088.0,1571.3566433566434,143.0,224704.0,28088.0,73.25,383.4539249146758,586.0,3496.25,1110.7453071672355,0.5069204152249135,0.5093924215001034,4.0979020979020975,33.0,17.875,0.23076923076923078,0.14685986898319567,105.62827821781626,58412.43785445239,228.70480180701534,7547.258459631506,408.478586394772,337.5777777777778,1.4779411764705883,463.0,5.8671328671328675,839.0,3.7338009114212474,4.2727272727272725,841.0,982.0,0.8564154786150713,3.7427015095414413,4.370193677015096
32,6.0,61489.6,370.41927710843373,166.0,16009.8,4789.683333333333,1690.4764705882353,17.0,28738.1,4789.683333333333,12.5,383.17466666666667,75.0,2257.75,665.3906666666666,0.45180722891566266,0.4673652129791054,4.411764705882353,2.0,2.8333333333333335,0.11764705882352941,0.06959402326528198,100.85752323636069,7362.59919625433,376.933349609375,753.86669921875,433.0940703679018,325.5,1.1176470588235294,72.0,7.352941176470588,125.0,4.3496264540801235,7.5,139.0,142.0,0.9788732394366197,4.836784616937098,4.941175651835021
33,10.0,144848.3,415.03810888252144,349.0,19831.4,6297.055555555556,1453.1666666666667,39.0,56673.5,6297.055555555556,14.333333333333334,439.32945736434107,129.0,2545.05,819.8891472868216,0.36962750716332377,0.3912610641616091,3.3076923076923075,3.0,4.333333333333333,0.07692307692307693,0.05293479315729574,105.26803435153826,13263.77232829382,187.3235830800053,561.970749240016,340.0967263665082,578.6666666666666,1.1702127659574468,117.0,5.743589743589744,224.0,3.9524645557447484,4.0,252.0,263.0,0.9581749049429658,4.446522625212842,4.6406168667895935
34,2.0,652540.6,470.1301152737752,1388.0,236374.5,150254.1,1977.0276315789474,152.0,300508.2,150254.1,295.0,509.33593220338986,590.0,2286.65,1456.635254237288,0.4250720461095101,0.46052031092011747,3.8815789473684212,45.0,76.0,0.29605263157894735,0.14974632971745863,108.03734981235232,58880.355647732016,240.0527447485261,10802.373513683675,387.3707608403422,601.3941176470589,2.9705882352941178,310.0,5.3881578947368425,819.0,2.7253832008577468,3.4,455.0,971.0,0.4685890834191555,1.5141017782543038,3.2311930256811627
35,15.0,248014.2,468.8359168241966,529.0,36257.7,12010.858333333332,2030.0042253521126,71.0,144130.3,12010.858333333332,23.916666666666668,502.1961672473867,287.0,2396.85,881.4060975609756,0.5425330812854442,0.5811372897197015,4.042253521126761,13.0,5.916666666666667,0.18309859154929578,0.0901961627777088,116.33576173929349,31875.998716566417,197.03277059256033,2561.4260177032843,448.9577284023439,477.8384615384615,1.2619047619047619,241.0,6.647887323943662,472.0,3.2748145254675807,3.6923076923076925,496.0,543.0,0.9134438305709024,3.441330518287966,3.767424337561221
36,4.0,309411.1,422.11609822646653,733.0,87958.5,55839.76666666666,1801.2827956989247,93.0,167519.3,55839.76666666666,130.0,429.53666666666663,390.0,1953.7,855.0619230769231,0.5320600272851296,0.5414133494241157,4.193548387096774,18.0,31.0,0.1935483870967742,0.1074503057259671,121.6124293037715,45239.823701003,263.84261801874413,4749.167124337394,486.449717215086,348.59230769230766,2.15,267.0,6.602150537634409,614.0,3.6652493175413223,5.055555555555555,467.0,707.0,0.6605374823196606,2.7877384874459246,4.220409230458819
37,7.0,416470.2,471.12013574660637,884.0,69882.0,31606.433333333334,2017.431914893617,94.0,189638.6,31606.433333333334,67.16666666666667,470.56724565756826,403.0,2496.05,858.9348635235732,0.45588235294117646,0.4553473453802937,4.287234042553192,43.0,15.666666666666666,0.4574468085106383,0.22674708629994103,104.41199988733128,37588.31995943926,187.28343962740934,8053.187903978602,399.8757442493538,485.73928571428576,1.6024096385542168,285.0,6.170212765957447,580.0,3.0584490710224603,3.372093023255814,508.0,674.0,0.7537091988130564,2.6787795311713962,3.5541287480502386
38,5.0,496069.9,471.10151946818615,1053.0,183478.8,64739.86,2675.200826446281,121.0,323699.3,64739.86,127.4,508.1621664050235,637.0,1782.4,808.2642857142857,0.6049382716049383,0.6525275974212504,5.264462809917355,31.0,24.2,0.256198347107438,0.0957678932268312,96.05016323751774,58206.398921935746,243.03705168893742,7534.148602357061,481.0446191895516,462.75199999999995,2.211267605633803,433.0,7.6115702479338845,921.0,2.845233214900372,5.290322580645161,716.0,1042.0,0.6871401151631478,2.2119294048519724,3.219036927172842
40,5.0,332850.0,408.4049079754601,815.0,78894.0,36869.18,1549.1252100840336,119.0,184345.9,36869.18,92.0,400.75195652173915,460.0,3560.6,1402.6641304347827,0.5644171779141104,0.5538407691152171,3.865546218487395,32.0,23.8,0.2689075630252101,0.17358671931407207,99.14089981306668,42432.30511999254,224.37157124786432,7179.890279931658,356.5739926049793,409.36086956521746,1.54,363.0,5.647058823529412,672.0,3.6453211055955137,4.09375,653.0,791.0,0.8255372945638433,3.5422539910027835,4.290846718044719
41,1.0,62048.4,324.8607329842932,191.0,29997.8,29997.8,1111.0296296296297,27.0,29997.8,29997.8,95.0,315.76631578947365,95.0,1257.9499999999998,840.6952631578947,0.4973821989528796,0.4834580746642943,3.5185185185185186,5.0,27.0,0.18518518518518517,0.16667888978525092,115.28005249989619,10375.204724990657,350.57667236328126,1752.8833618164062,384.26684166632066,353.86,2.1875,74.0,5.7407407407407405,155.0,5.167045583342778,7.6,127.0,182.0,0.6978021978021978,4.233643800545374,6.067111588183133
42,8.0,190651.1,416.26877729257643,458.0,40432.0,17000.0,1465.5172413793102,58.0,85000.0,17000.0,40.4,420.7920792079208,202.0,1961.75,926.5450495049505,0.4410480349344978,0.44584059572695883,3.4827586206896552,11.0,11.6,0.1896551724137931,0.12941176470588234,101.51240071243491,19388.868536075068,168.8757028442142,1857.6327312863561,334.29083682888046,454.08000000000004,1.6585365853658536,168.0,5.758620689655173,334.0,3.929411764705882,3.0,311.0,392.0,0.7933673469387755,3.6588235294117646,4.6117647058823525
44,19.0,765363.9,435.8564350797267,1756.0,123561.0,21422.594444444447,1580.3553278688526,244.0,385606.7,21422.594444444447,50.111111111111114,427.5018847006652,902.0,2752.05,1043.1078159645233,0.5136674259681093,0.5038213848340639,3.69672131147541,55.0,13.555555555555555,0.22540983606557377,0.14263237646026378,106.38788590957674,90110.5393654115,227.17045677676282,12494.375122721955,369.3054892025062,478.2395833333333,1.4044444444444444,759.0,5.909836065573771,1442.0,3.7395615791945525,4.618181818181818,1463.0,1686.0,0.8677342823250297,3.7940212138430165,4.372330667490996
45,6.0,245022.7,355.1053623188406,690.0,37567.5,19993.316666666666,1303.911956521739,92.0,119959.9,19993.316666666666,56.5,353.86401179941004,339.0,1627.2,917.2104719764011,0.49130434782608695,0.48958688317449767,3.6847826086956523,12.0,15.333333333333334,0.13043478260869565,0.10003342783713558,92.96815413257552,30400.586401352193,204.90026357844786,2458.8031629413745,330.4411565364369,337.25,1.608695652173913,273.0,6.010869565217392,553.0,4.609873799494665,4.166666666666667,493.0,645.0,0.7643410852713178,4.109706660308986,5.376796746246038
46,9.0,137906.8,447.7493506493506,308.0,18196.2,10780.9,1585.4264705882354,34.0,53904.5,10780.9,23.4,460.72222222222223,117.0,2497.0,828.1730769230769,0.37987012987012986,0.3908763019662555,3.4411764705882355,4.0,6.8,0.11764705882352941,0.07420530753462141,105.01936264162023,11867.187978503087,472.6697359357688,1890.6789437430753,349.03494054420844,388.09999999999997,1.105263157894737,110.0,5.794117647058823,197.0,3.6546113960801048,8.5,222.0,231.0,0.961038961038961,4.118394568171488,4.2853565101243865
47,10.0,646309.8,455.78970380818055,1418.0,48710.6,26867.46,1618.5216867469878,166.0,268674.6,26867.46,59.4,452.3141414141414,594.0,3290.7,890.5691919191919,0.41889985895627646,0.4157055950567359,3.5783132530120483,34.0,16.6,0.20481927710843373,0.12654713173481974,100.16678715491018,56093.400806749705,195.27268138196726,6639.271166986887,337.91205305270904,426.5551724137931,1.7155172413793103,467.0,5.5843373493975905,927.0,3.450270327005233,4.205882352941177,849.0,1093.0,0.7767612076852699,3.1599563189077053,4.068118087828176
48,6.0,810634.1,352.29643633202954,2301.0,333540.2,79936.11666666667,1598.7223333333334,300.0,479616.7,79936.11666666667,226.33333333333334,353.1787187039765,1358.0,2570.7,958.4712812960236,0.5901781833985223,0.5916562108601156,4.526666666666666,88.0,50.0,0.29333333333333333,0.18347984963826322,112.32895534334688,142657.77328605053,206.8392375276726,18201.85290243519,475.5259109535018,380.0609375,3.8363636363636364,628.0,6.863333333333333,2059.0,4.29301148187709,3.727272727272727,960.0,2359.0,0.4069520983467571,2.0015983596901443,4.91851096928026
50,4.0,97005.0,436.9594594594595,222.0,16360.0,9803.025,1568.484,25.0,39212.1,9803.025,22.5,435.69,90.0,2425.0,1345.3488888888887,0.40540540540540543,0.40422761713313743,3.6,4.0,6.25,0.16,0.10200932875311447,102.21905918604075,8790.839089999505,145.36883987552864,581.4753595021145,351.63356359998016,388.15,1.125,81.0,5.8,145.0,3.6978381673003997,2.75,159.0,170.0,0.9352941176470588,4.0548708179363,4.335396472007366
52,2.0,148525.5,352.79216152019,421.0,70585.6,48955.9,1554.1555555555556,63.0,97911.8,48955.9,136.5,358.65128205128207,273.0,1837.1,1033.3886446886445,0.6484560570071259,0.6592255201968685,4.333333333333333,29.0,31.5,0.4603174603174603,0.2961849337873474,113.38077256147638,27664.908505000236,178.4376538154322,5174.691960647534,439.12553182540057,334.6136363636364,1.6808510638297873,218.0,6.619047619047619,417.0,4.258935082390478,3.4827586206896552,389.0,480.0,0.8104166666666667,3.972963422182004,4.902371317859543
53,4.0,99975.9,409.7372950819672,244.0,28713.5,14665.4,1466.54,20.0,29330.8,14665.4,32.5,451.2430769230769,65.0,2902.0,1647.82,0.26639344262295084,0.29337870426772855,3.25,0.0,10.0,0.0,0.0,115.75526420883364,7524.092173574187,,,376.20460867870935,,1.6428571428571428,53.0,6.35,127.0,4.329919402130184,,106.0,147.0,0.7210884353741497,3.6139484773685004,5.0117964733317875
54,7.0,365816.7,555.9524316109423,658.0,65786.4,23294.385714285712,2117.671428571429,77.0,163060.7,23294.385714285712,39.285714285714285,592.9480000000001,275.0,3450.1,1298.5236363636363,0.41793313069908816,0.4457442757534033,3.5714285714285716,15.0,11.0,0.19480519480519481,0.09199028337300158,106.24901589248579,27624.744132046304,199.14533364669748,2987.180004700462,358.76291080579614,659.9769230769232,1.2023809523809523,226.0,5.324675324675325,410.0,2.514401078862043,4.266666666666667,447.0,487.0,0.917864476386037,2.7413104445154475,2.986617866843451
55,13.0,473900.3,457.87468599033815,1035.0,84401.4,19334.85,1757.7136363636364,132.0,232018.2,19334.85,43.25,447.0485549132948,519.0,3789.15,1090.426493256262,0.5014492753623189,0.48959285318029977,3.9318181818181817,29.0,11.0,0.2196969696969697,0.12499019473472339,123.70294290484716,60614.44202337511,191.1258100836787,5542.6484924266815,459.20031835890234,644.7333333333333,1.2708333333333333,463.0,6.454545454545454,852.0,3.672125721171873,4.655172413793103,927.0,984.0,0.9420731707317073,3.9953762247961584,4.241046607550614
57,9.0,535206.9,503.96129943502825,1062.0,86997.9,29913.755555555555,2119.872440944882,127.0,269223.8,29913.755555555555,56.111111111111114,533.1164356435644,505.0,3642.8,1619.510891089109,0.4755178907721281,0.5030275207587943,3.9763779527559056,29.0,14.11111111111111,0.2283464566929134,0.10771707404768821,106.27555858343314,50587.165885714174,228.2746728923034,6619.965513876799,398.3241408323951,522.0045454545455,1.4864864864864864,382.0,5.84251968503937,742.0,2.756071342875333,4.310344827586207,718.0,869.0,0.8262370540851554,2.6669261781462112,3.227797839566933
58,9.0,259611.4,491.6882575757576,528.0,31981.0,13682.666666666666,1759.2,70.0,123144.0,13682.666666666666,27.77777777777778,492.576,250.0,3925.25,1115.5846000000001,0.4734848484848485,0.4743397246808114,3.5714285714285716,15.0,7.777777777777778,0.21428571428571427,0.12180861430520366,106.2079766811325,24958.874520066136,219.0201916077359,3285.3028741160388,356.55535028665906,582.9769230769231,1.1842105263157894,206.0,5.228571428571429,366.0,2.9721301890469696,4.133333333333334,407.0,436.0,0.9334862385321101,3.305073734814526,3.5405703891379194
59,1.0,540685.3,394.0854956268222,1372.0,301178.8,301178.8,1847.722699386503,163.0,301178.8,301178.8,765.0,393.6977777777778,765.0,1631.1,1133.1897821350763,0.5575801749271136,0.5570316041512502,4.693251533742331,91.0,163.0,0.558282208588957,0.30214610058875324,88.48289810071262,59637.47331988031,191.9974358527215,17471.766662597656,365.8740694471185,382.0679245283019,7.818181818181818,229.0,6.828220858895706,1113.0,3.6954792302778285,4.648351648351649,295.0,1276.0,0.23119122257053293,0.9794846117987057,4.236685981881859
60,7.0,140008.0,409.3801169590643,342.0,32366.9,10088.880000000001,1483.6588235294118,34.0,50444.4,10088.880000000001,23.2,434.86551724137934,116.0,2189.2,949.0612068965518,0.3391812865497076,0.360296554482601,3.411764705882353,10.0,6.8,0.29411764705882354,0.19823806012163886,78.98600118304523,8372.516125402795,151.06675671678317,1510.6675671678317,246.2504742765528,306.0111111111111,1.3571428571428572,99.0,4.764705882352941,162.0,3.21145657397055,3.8,175.0,196.0,0.8928571428571429,3.4691660521286805,3.8854659783841217
61,5.0,247577.2,377.9804580152672,655.0,37542.6,20449.579999999998,1381.7283783783782,74.0,102247.9,20449.579999999998,50.8,402.5507874015748,254.0,2430.45,1093.7875984251968,0.38778625954198476,0.41299400752573334,3.4324324324324325,12.0,14.8,0.16216216216216217,0.11736182356801461,116.19328700626568,28118.775455516294,253.78904387805719,3045.468526536686,379.9834521015715,439.02,1.6271186440677967,211.0,5.513513513513513,408.0,3.9903020013124966,4.083333333333333,380.0,482.0,0.7883817427385892,3.716457746320463,4.714033246648587
62,7.0,256725.0,488.0703422053232,526.0,45219.8,21545.866666666665,2051.9873015873013,63.0,129275.2,21545.866666666665,42.0,512.9968253968253,252.0,2588.7,993.0611111111111,0.4790874524714829,0.5035551660336937,4.0,16.0,10.5,0.25396825396825395,0.12376697154597324,117.0884705004918,27632.879038116065,262.8295780523342,4205.273248837348,438.6171275891439,396.74615384615385,1.2950819672131149,213.0,6.142857142857143,387.0,2.9936136242682276,5.5625,410.0,450.0,0.9111111111111111,3.1715286458655645,3.480946074730497
63,7.0,489281.1,369.8269841269841,1323.0,86027.9,36052.63333333333,1327.0907975460123,163.0,216315.8,36052.63333333333,100.33333333333333,359.3285714285714,602.0,2527.1000000000004,1183.4947674418604,0.455026455026455,0.44210945405412144,3.6932515337423313,38.0,27.166666666666668,0.2331288343558282,0.17566909120831675,111.02128843632487,62616.00667808722,203.1478045056064,7719.616571213043,384.14728023366393,373.76129032258063,2.4047619047619047,387.0,6.006134969325154,979.0,4.525790534024792,3.473684210526316,681.0,1142.0,0.5963222416812609,3.1481750292858868,5.279318477892045
65,8.0,529917.7,451.3779386712095,1174.0,86303.8,46456.77142857143,1912.9258823529412,170.0,325197.4,46456.77142857143,101.57142857142857,457.38030942334746,711.0,3177.7,1356.198171589311,0.6056218057921635,0.6136752933521564,4.182352941176471,30.0,24.285714285714285,0.17647058823529413,0.09225166006862293,93.78749316196422,63869.28284329764,268.14500537086366,8044.35016112591,375.70166378410374,405.54583333333335,1.6693548387096775,540.0,5.894117647058824,1002.0,3.0812054462920058,5.333333333333333,922.0,1172.0,0.7866894197952219,2.8352010194423447,3.6039648533475357
66,3.0,247853.3,643.7748051948051,385.0,41598.2,27431.166666666668,2110.0897435897436,39.0,82293.5,27431.166666666668,43.333333333333336,633.026923076923,130.0,2701.95,1138.5603846153847,0.33766233766233766,0.332025032549496,3.3333333333333335,7.0,13.0,0.1794871794871795,0.08506139610054257,132.83643331505723,16338.881297752041,337.4372756101936,2362.0609292713552,418.9456743013344,1135.125,1.2093023255813953,117.0,5.230769230769231,204.0,2.478932114930098,3.857142857142857,226.0,243.0,0.9300411522633745,2.7462679312460887,2.9528456074902634
67,9.0,828957.9,446.63679956896556,1856.0,93598.3,47089.52222222222,1765.8570833333333,240.0,423805.7,47089.52222222222,101.88888888888889,462.1654307524537,917.0,12582.75,1567.054634678299,0.49407327586206895,0.5112511745168241,3.8208333333333333,64.0,26.666666666666668,0.26666666666666666,0.15101259846198387,109.64051212247183,93523.35684046848,202.67775875942436,12971.37656060316,389.680653501952,421.4122448979592,1.6162162162162161,707.0,5.7,1368.0,3.227894292124905,4.109375,1307.0,1608.0,0.8128109452736318,3.083960409215827,3.794191536357345
68,4.0,250732.2,534.6102345415778,469.0,59779.4,23771.0,2211.2558139534885,43.0,95084.0,23771.0,42.75,556.046783625731,171.0,4152.35,1940.6333333333332,0.3646055437100213,0.37922532486852506,3.9767441860465116,17.0,10.75,0.3953488372093023,0.17878928105674982,121.29116881032716,18678.839996790382,298.2823522231158,5070.799987792969,434.39162783233445,654.5785714285714,1.3111111111111111,119.0,6.069767441860465,261.0,2.7449413150477473,4.882352941176471,253.0,304.0,0.8322368421052632,2.6608051827857473,3.1971730259559967
70,10.0,422284.5,444.04258675078864,951.0,73514.1,17768.02,1676.2283018867925,106.0,177680.2,17768.02,38.0,467.57947368421054,380.0,3485.5,1073.1026315789475,0.39957939011566773,0.42075946429480604,3.5849056603773586,15.0,10.6,0.14150943396226415,0.0844213367612148,100.53710414961976,36696.04301461121,189.1812074486693,2837.7181117300397,346.189085043502,622.4142857142857,1.3762376237623761,323.0,5.122641509433962,543.0,3.056052390755976,4.466666666666667,563.0,649.0,0.8674884437596302,3.1686141731042623,3.6526298372018937
72,6.0,411915.5,515.5387984981227,799.0,85278.7,32257.433333333334,2224.650574712644,87.0,193544.6,32257.433333333334,60.333333333333336,534.653591160221,362.0,2305.7,1013.7305709023941,0.4530663329161452,0.4698648145068588,4.160919540229885,27.0,14.5,0.3103448275862069,0.13950272960340923,111.05335321987337,37202.87332865758,221.3684988412841,5976.949468714671,427.61923366273084,481.03333333333336,1.7058823529411764,263.0,5.908045977011494,514.0,2.655718630227865,3.3333333333333335,441.0,601.0,0.7337770382695508,2.278544583522351,3.105227425616628
74,8.0,522219.0,430.5185490519373,1213.0,79990.8,27520.5875,1572.605,140.0,220164.7,27520.5875,68.875,399.57295825771325,551.0,3598.35,1360.715335753176,0.4542456718878813,0.42159458005166417,3.9357142857142855,45.0,17.5,0.32142857142857145,0.2043924389332168,100.81297033947587,51011.36299177479,200.15139584239355,9006.81281290771,364.3668785126771,381.9205882352941,1.7524752475247525,374.0,5.921428571428572,829.0,3.765362930569705,3.933333333333333,690.0,969.0,0.7120743034055728,3.134017396975991,4.401250518361935
76,6.0,274919.7,345.37650753768844,796.0,82813.2,26229.916666666668,1710.6467391304348,92.0,157379.5,26229.916666666668,72.66666666666667,360.96215596330273,436.0,2557.35,1111.6462155963302,0.5477386934673367,0.5724562481335459,4.739130434782608,41.0,15.333333333333334,0.44565217391304346,0.2605167763272853,97.83261589197048,38643.883277328336,169.9713458685965,6968.825180612456,420.04220953617755,334.5208333333333,2.074074074074074,297.0,6.880434782608695,633.0,4.022124863784673,3.926829268292683,496.0,725.0,0.6841379310344827,3.1516175867886225,4.6066990935922405
77,7.0,309420.9,378.72815177478583,817.0,63551.2,28108.36666666667,1547.2495412844037,109.0,168650.2,28108.36666666667,72.5,387.70160919540234,435.0,2131.25,1231.7583141762452,0.5324357405140759,0.5450510938336744,3.9908256880733943,27.0,18.166666666666668,0.24770642201834864,0.16009468118033657,93.91612803428539,38317.78023798844,226.79497669935867,6123.464370882684,351.539268238426,470.0631578947369,1.8285714285714285,311.0,6.018348623853211,656.0,3.8897078094185478,5.37037037037037,538.0,765.0,0.7032679738562092,3.190034758334114,4.536015966776202
80,6.0,347230.1,536.6771251931993,647.0,120987.8,55900.23333333334,2466.1867647058825,68.0,167700.7,55900.23333333334,91.66666666666667,609.8207272727274,275.0,3535.75,1718.7096363636365,0.4250386398763524,0.4829670584433781,4.044117647058823,14.0,22.666666666666668,0.20588235294117646,0.08348206059962779,108.0725905906983,28206.946144172256,232.53719523374193,3255.520733272387,414.80803153194495,394.67857142857144,1.5081967213114753,213.0,6.338235294117647,431.0,2.5700548656028266,2.5,409.0,499.0,0.8196392785571143,2.43886877037484,2.975539159943876
81,15.0,569259.4,426.7311844077961,1334.0,84498.8,26021.18181818182,1626.3238636363637,176.0,286233.0,26021.18181818182,58.0,448.641065830721,638.0,2595.6000000000004,1117.8057993730408,0.4782608695652174,0.5028164664474578,3.625,30.0,16.0,0.17045454545454544,0.10480971795704898,97.91914035923428,59534.83733841444,208.22272799209864,6246.6818397629595,338.26612124099114,496.116,1.4266666666666667,543.0,5.568181818181818,980.0,3.4237841199302665,4.866666666666666,990.0,1156.0,0.856401384083045,3.4587206925826166,4.038667798611621
82,5.0,103057.5,462.14125560538116,223.0,27826.6,8366.32,1673.264,25.0,41831.6,8366.32,16.0,522.895,80.0,2991.0,1777.938125,0.35874439461883406,0.4059054411372292,3.2,2.0,5.0,0.08,0.04781074594325821,103.04381622592989,8037.417665622531,214.35833740234375,428.7166748046875,321.4967066249012,408.9,1.1111111111111112,70.0,5.64,141.0,3.3706575889997037,3.5,153.0,166.0,0.9216867469879518,3.6575220646592532,3.9682919132904315
84,5.0,256867.1,415.64255663430424,618.0,69845.2,27914.175,1550.7875,72.0,111656.7,27914.175,64.25,434.46186770428017,257.0,1710.95,914.6075875486381,0.41585760517799353,0.43468665313697236,3.5694444444444446,14.0,18.0,0.19444444444444445,0.12538432534724742,107.24849308687138,26061.383820109746,201.3799570947626,2819.3193993266764,361.9636641681909,415.73,1.8269230769230769,195.0,5.277777777777778,380.0,3.4032888308538585,4.142857142857143,350.0,452.0,0.7743362831858407,3.1346081336811853,4.048122504068274
85,9.0,317701.4,391.25788177339905,812.0,42950.1,26224.387499999997,1777.9245762711864,118.0,209795.1,26224.387499999997,65.25,401.9063218390805,522.0,2676.1000000000004,1093.72030651341,0.6428571428571429,0.6603530862627611,4.423728813559322,35.0,14.75,0.2966101694915254,0.16682944453898113,98.69123178979132,48062.629881628374,192.38391943387848,6733.437180185747,407.3104227256642,380.49655172413793,1.3962264150943395,410.0,6.491525423728813,766.0,3.6511815576245583,4.085714285714285,723.0,884.0,0.8178733031674208,3.4462196686195243,4.213635113498837
86,5.0,345840.3,501.2178260869565,690.0,87288.5,43485.22,2823.7155844155845,77.0,217426.1,43485.22,77.8,558.9359897172237,389.0,1643.55,1101.7835475578406,0.563768115942029,0.6286893112225499,5.0519480519480515,35.0,15.4,0.45454545454545453,0.1609742344640317,108.04590150403656,38248.249132428944,196.5405001255217,6878.91750439326,496.7305082133629,429.98823529411766,1.7166666666666666,272.0,7.0,539.0,2.4790032107460878,4.628571428571429,463.0,616.0,0.7516233766233766,2.1294591587670477,2.8331465265669573
88,21.0,272428.8,448.0736842105263,608.0,42215.6,10086.171428571428,1857.978947368421,38.0,70603.2,10086.171428571428,20.0,504.3085714285714,140.0,3401.8,1095.8914285714284,0.23026315789473684,0.2591620269222637,3.6842105263157894,6.0,5.428571428571429,0.15789473684210525,0.08498198381943028,111.85915604820217,14989.12691045909,123.75198396062045,742.5119037637227,394.45070816997605,308.34000000000003,1.2727272727272727,121.0,5.921052631578948,225.0,3.1868243932286355,2.0,247.0,263.0,0.9391634980988594,3.4984250005665465,3.7250436240850275
89,4.0,306537.0,422.8096551724138,725.0,96950.6,45403.850000000006,2040.6224719101124,89.0,181615.4,45403.850000000006,101.5,447.3285714285714,406.0,3287.9,1052.6408866995075,0.56,0.592474644170198,4.561797752808989,25.0,22.25,0.2808988764044944,0.13765352497640618,103.03251609831925,39255.38863345963,181.95979384535568,4548.994846133892,441.07178239842284,417.34736842105264,2.0483870967741935,262.0,7.146067415730337,636.0,3.5019056753997733,3.68,453.0,725.0,0.6248275862068966,2.49428187257248,3.9919522243157797
90,4.0,133986.7,363.1075880758808,369.0,39742.3,17541.25,1323.867924528302,53.0,70165.0,17541.25,51.5,340.6067961165049,206.0,1688.5,829.815776699029,0.5582655826558266,0.5236713793234701,3.8867924528301887,14.0,13.25,0.2641509433962264,0.19952968003990595,111.48531799797324,21405.18105561086,255.8762847765807,3582.2679868721298,403.87134067190306,385.00909090909096,1.9444444444444444,132.0,5.886792452830188,312.0,4.446661440889332,4.714285714285714,230.0,365.0,0.6301369863013698,3.2779876006555972,5.202023801040405
91,9.0,415852.6,452.5055495103373,919.0,162743.7,29738.157142857144,1909.7899082568808,109.0,208167.1,29738.157142857144,64.57142857142857,460.54668141592924,452.0,3310.2,947.0956858407079,0.49183895538628947,0.5005790513273213,4.146788990825688,38.0,15.571428571428571,0.3486238532110092,0.1825456568304982,106.67501025050593,44163.45424370946,195.97415302982478,7447.017815133341,405.16930498816015,575.9083333333333,2.0303030303030303,315.0,6.238532110091743,680.0,3.26660649065102,3.710526315789474,541.0,789.0,0.6856780735107731,2.598873693297356,3.7902242957700807
92,7.0,348050.1,348.3984984984985,999.0,60178.9,28878.742857142857,1604.3746031746032,126.0,202151.2,28878.742857142857,82.42857142857143,350.34870017331025,577.0,4146.549999999999,1314.2279896013865,0.5775775775775776,0.5808106361699078,4.579365079365079,61.0,18.0,0.48412698412698413,0.3017543304219812,109.71089649116433,56610.822589440795,215.4888395523489,13144.819212693283,449.29224277333964,369.6333333333333,1.4051724137931034,440.0,7.0476190476190474,888.0,4.392751564175725,5.163934426229508,855.0,1014.0,0.8431952662721893,4.229507418209735,5.016047394227687
93,5.0,494130.8,571.2494797687862,865.0,89874.8,51876.060000000005,2126.068032786885,122.0,259380.3,51876.060000000005,88.2,588.1639455782313,441.0,3889.5,1564.1472789115646,0.5098265895953757,0.5249223484955805,3.6147540983606556,20.0,24.4,0.16393442622950818,0.0771068581538382,111.089103659449,46768.512640628025,283.4191707572769,5668.3834151455385,383.3484642674428,496.6375,1.3679245283018868,403.0,5.786885245901639,706.0,2.721872092830489,3.15,777.0,828.0,0.9384057971014492,2.9956014392766144,3.192223927568902
94,3.0,384824.1,373.97871720116615,1029.0,132842.7,61975.100000000006,1452.54140625,128.0,185925.3,61975.100000000006,165.66666666666666,374.0951710261569,497.0,3813.85,1533.8562374245473,0.48299319727891155,0.4831435972954916,3.8828125,33.0,42.666666666666664,0.2578125,0.1774906373688788,99.25324089382845,46053.5037747364,236.64015082221823,7809.124977133201,359.7929982401281,359.216,1.9466666666666668,354.0,5.8828125,753.0,4.050013634508053,4.9393939393939394,652.0,881.0,0.7400681044267877,3.50678471407603,4.738462167332795
95,6.0,483537.9,396.34254098360657,1220.0,104761.6,42565.740000000005,1542.236956521739,138.0,212828.7,42565.740000000005,103.6,410.86621621621623,518.0,3574.6000000000004,1739.1261583011583,0.4245901639344262,0.44014895212970895,3.753623188405797,18.0,27.6,0.13043478260869565,0.08457505966065666,109.74807933066546,54874.03966533273,247.810372879664,4460.586711833952,397.63796858936763,429.55333333333334,1.8936170212765957,390.0,6.065217391304348,837.0,3.932740274220535,6.277777777777778,715.0,975.0,0.7333333333333333,3.359509314298306,4.5811490649522355
96,7.0,314634.2,408.6158441558442,770.0,51329.5,30788.68,1554.9838383838382,99.0,153943.4,30788.68,78.4,392.7127551020408,392.0,5847.1,1351.2698979591837,0.509090909090909,0.4892773894255615,3.95959595959596,13.0,19.8,0.13131313131313133,0.08444662129068216,126.60378238536191,47982.83352405216,174.89615572415866,2273.6500244140625,484.6750861015369,467.43636363636364,1.39,349.0,7.05050505050505,698.0,4.534133973915089,3.6923076923076925,702.0,797.0,0.8808030112923463,4.5601175496968365,5.17722747451336
97,6.0,889564.3,462.83262226847035,1922.0,208959.9,75552.72,1701.6378378378377,222.0,377763.6,75552.72,154.4,489.33108808290154,772.0,3901.6,1633.0514896373056,0.4016649323621228,0.4246613763614389,3.4774774774774775,59.0,44.4,0.26576576576576577,0.15618233201928403,99.04241258396908,70617.24017236996,198.11439769893016,11688.74946423688,318.09567645211695,454.28333333333336,2.5980392156862746,498.0,5.274774774774775,1171.0,3.0998222168573153,3.389830508474576,810.0,1393.0,0.5814788226848528,2.1441981175528824,3.687491330556994
98,6.0,573001.2,540.0576814326107,1061.0,145393.2,33938.03333333333,1939.3161904761905,105.0,203628.2,33938.03333333333,57.833333333333336,586.8247838616714,347.0,8705.05,1167.9018731988474,0.32704995287464655,0.3553713325556736,3.3047619047619046,29.0,17.5,0.2761904761904762,0.1424164236584127,95.07073972850274,30232.495233663874,191.30165139794101,5547.7478905402895,287.92852603489405,478.5125,1.9846153846153847,248.0,4.761904761904762,500.0,2.455455580317461,3.4827586206896552,407.0,605.0,0.6727272727272727,1.9987408423784132,2.971101252184128
99,2.0,196933.8,477.99466019417474,412.0,69431.2,36853.0,1797.7073170731708,41.0,73706.0,36853.0,68.5,538.0,137.0,2478.35,1613.3226277372264,0.3325242718446602,0.37426790119319286,3.341463414634146,7.0,20.5,0.17073170731707318,0.09497191544786042,86.77087297223052,11280.213486389968,125.28571428571429,877.0,275.12715820463336,369.54285714285714,1.9090909090909092,110.0,5.024390243902439,206.0,2.7948877974656066,2.5714285714285716,191.0,247.0,0.7732793522267206,2.5913765500773343,3.3511518736602177
100,6.0,493601.3,508.343254376931,971.0,145028.6,44487.700000000004,2262.086440677966,118.0,266926.2,44487.700000000004,82.5,539.2448484848485,495.0,2330.45,1124.540101010101,0.509783728115345,0.5407728869433691,4.194915254237288,29.0,19.666666666666668,0.2457627118644068,0.10864426197203571,94.06566901787544,43834.601762329956,173.4166886392315,5029.083970537713,371.47967595194876,606.308,1.5242718446601942,384.0,6.432203389830509,759.0,2.843482580578452,4.0344827586206895,713.0,877.0,0.8129988597491448,2.6711503029676367,3.285552336188804
101,5.0,510896.3,526.6972164948453,970.0,97019.2,56766.44,2252.636507936508,126.0,283832.2,56766.44,101.6,558.7248031496064,508.0,2918.4,1318.5451443569555,0.5237113402061856,0.5555573606620365,4.031746031746032,23.0,25.2,0.18253968253968253,0.08103379391062747,114.64029705598966,55600.54407215499,263.6129803531613,6063.098548122709,441.2741593028174,696.12,1.504950495049505,440.0,6.825396825396825,860.0,3.029959250571288,5.565217391304348,864.0,986.0,0.8762677484787018,3.0440520842948757,3.4738835128642904
102,6.0,1093375.3,471.28245689655176,2320.0,162857.2,81591.8,1847.3615094339623,265.0,489550.8,81591.8,171.83333333333334,474.8310378273521,1031.0,6047.95,1707.4898157129,0.44439655172413794,0.44774269182777404,3.890566037735849,74.0,44.166666666666664,0.2792452830188679,0.15115898084529739,119.39388270325264,114259.94574701278,240.95476384161023,17830.652524279158,431.16960659250105,535.6310344827587,1.7908163265306123,766.0,6.188679245283019,1640.0,3.350009845760644,4.824324324324325,1435.0,1905.0,0.7532808398950132,2.9312586150405635,3.891322412301236
103,5.0,350112.0,412.8679245283019,848.0,182919.3,51398.299999999996,2076.69898989899,99.0,205593.2,51398.299999999996,118.5,433.7409282700422,474.0,2045.05,1365.1434599156119,0.5589622641509434,0.5872212320628828,4.787878787878788,41.0,24.75,0.41414141414141414,0.19942293811273912,107.8938801489548,46718.05010449743,241.36000720189676,9895.760295277767,471.89949600502456,321.8388888888889,3.0277777777777777,272.0,6.7272727272727275,666.0,3.2394067508069333,4.0,450.0,765.0,0.5882352941176471,2.1887883451398196,3.7209401867376934
104,7.0,383754.2,479.09388264669167,801.0,52850.1,23287.614285714284,1964.0156626506023,83.0,163013.3,23287.614285714284,44.0,529.263961038961,308.0,2561.7,1147.5397727272727,0.38451935081148564,0.4247857091857235,3.710843373493976,17.0,11.857142857142858,0.20481927710843373,0.10428596930434511,100.97817236428192,29384.64815800604,171.01981516614993,2907.3368578245486,354.03190551814504,489.50625,1.206896551724138,281.0,5.927710843373494,492.0,3.0181586410434,2.764705882352941,539.0,575.0,0.9373913043478261,3.306478673826001,3.527319549999908
105,11.0,724170.5,442.9177370030581,1635.0,89205.1,30809.640000000003,1674.4369565217391,184.0,308096.4,30809.640000000003,67.4,457.11632047477747,674.0,4763.15,1452.7882789317507,0.41223241590214066,0.42544732214305886,3.6630434782608696,34.0,18.4,0.18478260869565216,0.11035507068566851,103.15411683134911,66018.63477206344,265.08527935794024,9012.899498169969,358.79692810904044,499.3739130434783,1.3933333333333333,574.0,5.75,1058.0,3.433990140748155,5.294117647058823,1098.0,1242.0,0.8840579710144928,3.563819635672471,4.031205817400008
106,6.0,202137.1,398.6925049309665,507.0,34638.3,20088.36,1762.1368421052632,57.0,100441.8,20088.36,49.4,406.64696356275306,247.0,1379.5,900.2123481781377,0.48717948717948717,0.4968993816573009,4.333333333333333,20.0,11.4,0.3508771929824561,0.19912028657391642,101.30477186862352,22996.183214177538,176.01916503906247,3520.3833007812495,403.44181077504453,426.70625,1.4375,201.0,6.456140350877193,368.0,3.6638132729600623,3.75,366.0,425.0,0.8611764705882353,3.6439012443026706,4.231306089695725
107,6.0,407654.3,471.2766473988439,865.0,64785.1,29348.466666666664,1796.8448979591835,98.0,176090.8,29348.466666666664,60.5,485.09862258953166,363.0,3434.05,1162.389256198347,0.41965317919075146,0.43196110037352725,3.704081632653061,18.0,16.333333333333332,0.1836734693877551,0.1022199910500719,96.93801518288807,33443.61523809638,190.5069928328241,3429.125870990834,341.2613799805753,545.3,1.3595505617977528,300.0,5.591836734693878,548.0,3.112030838635522,3.5,558.0,646.0,0.8637770897832817,3.1688197225522288,3.6685619010192467
108,6.0,367560.8,451.54889434889435,814.0,55455.0,31356.783333333336,1694.9612612612614,111.0,188140.7,31356.783333333336,66.83333333333333,469.17880299251874,401.0,2583.35,1201.0566084788031,0.4926289926289926,0.5118627992974224,3.6126126126126126,24.0,18.5,0.21621621621621623,0.1275641049491152,119.66237915989075,45112.716943278814,254.05630793194226,6097.351390366614,406.4208733628722,410.95238095238096,1.4444444444444444,348.0,6.018018018018018,668.0,3.5505342544170397,3.3333333333333335,697.0,779.0,0.8947368421052632,3.7046742145638873,4.140518239806697
109,2.0,290815.5,525.8869801084991,553.0,132858.8,77583.5,2983.980769230769,52.0,155167.0,77583.5,131.5,589.9885931558936,263.0,3411.9,1766.3975285171102,0.4755877034358047,0.5335582181830061,5.0576923076923075,16.0,26.0,0.3076923076923077,0.10311470866872467,114.0272495896318,28164.73064863905,258.5429264357113,4136.686822971381,541.6294355507509,614.2866666666666,1.4107142857142858,209.0,7.153846153846154,372.0,2.3974169765478486,5.4375,373.0,424.0,0.8797169811320755,2.4038616458396436,2.7325397797212037
110,12.0,778338.0,319.9087546239211,2433.0,92964.4,32452.43333333333,1272.6444444444444,306.0,389429.2,32452.43333333333,103.33333333333333,314.0558064516129,1240.0,6222.9,1020.215685483871,0.509658857377723,0.5003343020641419,4.052287581699346,93.0,25.5,0.30392156862745096,0.2388110598794338,101.22271097404625,116102.44948723105,223.22164076530288,20759.61259117317,379.41976956611455,337.0044117647059,1.9197860962566844,843.0,6.0,1836.0,4.714592536974628,4.419354838709677,1465.0,2142.0,0.6839402427637722,3.761916158315812,5.500357959803733
111,4.0,792853.1,513.1735275080906,1545.0,157111.0,93880.025,2158.1614942528736,174.0,375520.1,93880.025,194.0,483.9176546391752,776.0,9118.05,1799.6667525773194,0.5022653721682848,0.47363137004824724,4.459770114942529,89.0,43.5,0.5114942528735632,0.2370046237205412,106.85509654974041,73409.45132967166,172.3412914345055,15338.374937670991,421.89339844638886,494.5271186440678,1.8644067796610169,512.0,6.005747126436781,1045.0,2.782807098741186,3.101123595505618,863.0,1219.0,0.7079573420836751,2.2981459580991803,3.246164452981345
112,17.0,608169.9,341.4766423357664,1781.0,78723.8,15744.76923076923,1071.6335078534032,191.0,204682.0,15744.76923076923,45.38461538461539,346.9186440677966,590.0,3870.25,1570.2804802259889,0.3312745648512072,0.3365539794060837,3.089005235602094,15.0,14.692307692307692,0.07853403141361257,0.07328441191702251,102.005988957353,58653.44365047797,258.6586070951491,3879.8791064272364,307.0860924108794,485.36153846153843,1.6044776119402986,510.0,5.335078534031414,1019.0,4.978454382896396,5.2,977.0,1210.0,0.8074380165289257,4.773258029528733,5.911609227973149
113,4.0,650915.1,602.1416281221092,1081.0,178096.7,73811.875,2288.7403100775196,129.0,295247.5,73811.875,116.75,632.2216274089935,467.0,1966.05,1066.1207708779443,0.4320074005550416,0.453588340476354,3.62015503875969,33.0,32.25,0.2558139534883721,0.11177063311289681,93.95514894849306,40776.53464364599,189.478489356468,6252.790148763444,316.09716778020146,812.0695652173912,2.823529411764706,275.0,5.62015503875969,725.0,2.4555669396015207,4.121212121212121,449.0,854.0,0.5257611241217799,1.5207580081118384,2.892488505406481
114,8.0,380144.9,334.34028144239227,1137.0,58674.8,29954.785714285714,1416.7804054054054,148.0,209683.5,29954.785714285714,90.0,332.8309523809524,630.0,2568.05,1266.0177777777776,0.554089709762533,0.5515883548615278,4.256756756756757,37.0,21.142857142857142,0.25,0.17645642122532293,122.66290358941647,72739.10182852397,274.37716385467974,10151.95506262315,491.4804177602971,369.29696969696965,1.5546875,489.0,6.452702702702703,955.0,4.554483304599551,5.4324324324324325,894.0,1103.0,0.8105167724388033,4.263568664201046,5.260308989500843
115,6.0,324129.1,452.06290097629005,717.0,53459.1,26510.18,1866.9140845070422,71.0,132550.9,26510.18,56.8,466.72852112676054,284.0,2409.2,822.5260563380282,0.39609483960948394,0.40894476922929784,4.0,19.0,14.2,0.2676056338028169,0.14334116177257192,109.06374497530818,28901.892418456668,252.91856219949722,4805.452681790447,407.0689073022066,522.5692307692308,1.7843137254901962,204.0,5.915492957746479,420.0,3.168594102341063,5.7894736842105265,359.0,491.0,0.7311608961303462,2.708393530334385,3.704237391070148
116,2.0,166326.8,450.750135501355,369.0,89515.6,89515.6,2034.4454545454546,44.0,89515.6,89515.6,194.0,461.4206185567011,194.0,2327.6,1616.265206185567,0.5257452574525745,0.5381910792488043,4.409090909090909,9.0,44.0,0.20454545454545456,0.10054113472958903,112.78739048478681,20865.66723968556,227.6148358315176,2048.5335224836585,474.21970999285367,436.40000000000003,1.6111111111111112,154.0,6.590909090909091,290.0,3.239658785731202,5.0,253.0,334.0,0.7574850299401198,2.826323009620669,3.7311932221869704
117,10.0,262046.0,405.64396284829724,646.0,14873.2,8279.833333333334,1201.9112903225807,62.0,74518.5,8279.833333333334,21.11111111111111,392.2026315789474,190.0,1685.6,775.015,0.29411764705882354,0.2843718278470192,3.064516129032258,11.0,6.888888888888889,0.1774193548387097,0.14761435079879492,103.42401861444628,18512.899331985886,129.0909090909091,1420.0,298.59515051590137,384.0,1.5319148936170213,165.0,4.67741935483871,290.0,3.8916510665136843,2.6363636363636362,306.0,352.0,0.8693181818181818,4.10636284949375,4.723659225561438
118,7.0,274000.8,589.2490322580645,465.0,30164.8,14453.471428571429,2299.4159090909093,44.0,101174.3,14453.471428571429,23.142857142857142,624.5327160493828,162.0,2562.55,1228.3,0.34838709677419355,0.36924819197608183,3.6818181818181817,15.0,6.285714285714286,0.3409090909090909,0.14825899462610564,106.23549399825515,15616.617617743506,133.2945566061268,1999.418349091902,354.92312767598884,727.0666666666667,1.288888888888889,135.0,5.363636363636363,236.0,2.3326081821173954,2.466666666666667,263.0,280.0,0.9392857142857143,2.599474372444386,2.7675012330206386
119,4.0,69155.8,404.4198830409357,171.0,17660.8,6785.975,2261.991666666667,12.0,27143.9,6785.975,14.75,460.0661016949153,59.0,1209.9,562.1101694915254,0.34502923976608185,0.3925035933356277,4.916666666666667,7.0,3.0,0.5833333333333334,0.25788482863553136,126.12509844756686,6558.505119273476,311.88094656808033,2183.1666259765625,546.5420932727898,417.25,1.2307692307692308,42.0,6.333333333333333,76.0,2.799892425185769,4.857142857142857,74.0,88.0,0.8409090909090909,2.726211045575617,3.24198070284668
120,8.0,253978.0,478.30131826741996,531.0,59297.3,21818.56,2058.3547169811322,53.0,109092.8,21818.56,39.4,553.7705583756346,197.0,3284.4,1216.5606598984773,0.3709981167608286,0.4295364165400153,3.7169811320754715,8.0,10.6,0.1509433962264151,0.07333206224425444,104.55696510459397,19761.26640476826,255.71514985758768,2045.7211988607014,372.8540831088351,612.7857142857143,1.5777777777777777,167.0,6.30188679245283,334.0,3.0616135986976225,4.5,313.0,387.0,0.8087855297157622,2.869116935306455,3.547438511065808
122,16.0,803883.4,633.9774447949527,1268.0,119157.3,24078.46153846154,2426.5116279069766,129.0,313020.0,24078.46153846154,33.46153846153846,719.5862068965517,435.0,2995.7,1425.5665517241378,0.3430599369085173,0.3893848286953058,3.372093023255814,20.0,9.923076923076923,0.15503875968992248,0.0638936809149575,114.77061912511444,47629.80693692249,103.3,2066.0,369.22330958854644,887.3526315789474,1.6704545454545454,389.0,5.209302325581396,672.0,2.1468276787425724,2.05,712.0,801.0,0.8888888888888888,2.2746150405724874,2.5589419206440485
123,11.0,496536.7,406.331178396072,1222.0,64587.6,39616.87142857142,1680.7157575757574,165.0,277318.1,39616.87142857142,96.28571428571429,411.45118694362014,674.0,3486.35,1097.972477744807,0.5515548281505729,0.5585047389246354,4.084848484848485,50.0,23.571428571428573,0.30303030303030304,0.18029836494624765,101.46982459980272,63317.1705502769,202.05821521353747,10102.910760676874,383.74042757743575,367.25135135135133,1.6666666666666667,510.0,6.351515151515152,1048.0,3.779053729273351,4.24,923.0,1213.0,0.7609233305853257,3.328307816907732,4.374038333595968
124,4.0,207234.7,651.6814465408805,318.0,38445.2,24674.774999999998,2667.5432432432435,37.0,98699.1,24674.774999999998,33.25,742.0984962406015,133.0,3832.85,1193.6620300751879,0.41823899371069184,0.4762672467496997,3.5945945945945947,8.0,9.25,0.21621621621621623,0.08105443717318597,115.93769982160136,14492.21247770017,333.90949044162244,2671.2759235329795,391.6814183162208,563.35,1.325,113.0,5.72972972972973,212.0,2.147942585089428,4.5,218.0,249.0,0.8755020080321285,2.2087334129693175,2.5228193570154134
125,2.0,267345.3,431.89870759289175,619.0,115003.4,69929.65,2087.45223880597,67.0,139859.3,69929.65,160.0,437.06031249999995,320.0,1517.5500000000002,842.7423437499999,0.5169628432956381,0.5231410464294678,4.776119402985074,23.0,33.5,0.34328358208955223,0.16445098752818013,121.92289103013984,36211.09863595153,202.899104056744,4666.679393305112,540.4641587455452,537.6894736842105,2.1020408163265305,212.0,7.373134328358209,494.0,3.5321212103878685,4.260869565217392,369.0,561.0,0.6577540106951871,2.6383658433868895,4.011174087100393
126,4.0,258358.4,470.59817850637523,549.0,106519.3,40163.63333333333,2563.636170212766,47.0,120490.9,40163.63333333333,70.0,573.7661904761904,210.0,2394.4,1539.1338095238093,0.3825136612021858,0.46637113405254094,4.468085106382978,9.0,15.666666666666666,0.19148936170212766,0.07469443750523899,100.02033269851938,20104.086872402397,164.83148871527777,1483.4833984375,427.746529200051,548.1333333333333,1.2745098039215685,179.0,6.914893617021277,325.0,2.69729913213363,3.2222222222222223,331.0,372.0,0.8897849462365591,2.7470954238037897,3.087370083549878
127,7.0,542282.1,389.570474137931,1392.0,175143.7,43404.614285714284,1489.3740196078431,204.0,303832.3,43404.614285714284,113.28571428571429,383.14287515762925,793.0,3498.6,1172.1409836065575,0.569683908045977,0.5602845825078866,3.8872549019607843,42.0,29.142857142857142,0.20588235294117646,0.13823415087862614,103.75867265337605,77922.76316268541,230.93109764232238,9699.10610097754,381.9743292288501,367.2230769230769,1.875,568.0,6.171568627450981,1259.0,4.1437332370521505,4.833333333333333,1010.0,1463.0,0.6903622693096377,3.3242021997002955,4.815156255605477
128,2.0,234372.8,739.3463722397476,317.0,167819.0,84460.3,3928.386046511628,43.0,168920.6,84460.3,104.0,812.1182692307692,208.0,2581.2,1092.222596153846,0.6561514195583596,0.7207346586293291,4.837209302325581,17.0,21.5,0.3953488372093023,0.10063899844068752,108.16073839485581,20658.70103341746,210.58222128752197,3579.8977618878735,480.4349077538944,1257.5,1.4634146341463414,155.0,6.604651162790698,284.0,1.6812632680679562,3.588235294117647,268.0,327.0,0.8195718654434251,1.586544210712015,1.9358207347120482
